name,period,url
ADKINS DONNIE,2019-3,https://ethics.wv.gov/SiteCollectionDocuments/Lobby/ACTIVITY%20REPORTS/2019-3/ADKINS%20DONNIE%202019-3.pdf
ADKINS DONNIE,2020-1,https://ethics.wv.gov/SiteCollectionDocuments/Lobby/ACTIVITY%20REPORTS/2020-1/ADKINS%20DONNIE%202020-1.pdf
ADKINS J MARK,2019-3,https://ethics.wv.gov/SiteCollectionDocuments/Lobby/ACTIVITY%20REPORTS/2019-3/ADKINS%20J%20MARK%202019-3.pdf
ADLER JONATHAN,2019-3,https://ethics.wv.gov/SiteCollectionDocuments/Lobby/ACTIVITY%20REPORTS/2019-3/ADLER%20JONATHAN%202019-3.pdf
AILES JOHN,2019-3,https://ethics.wv.gov/SiteCollectionDocuments/Lobby/ACTIVITY%20REPORTS/2019-3/AILES%20JOHN%202019-3.pdf
AILES JOHN,2020-1,https://ethics.wv.gov/SiteCollectionDocuments/Lobby/ACTIVITY%20REPORTS/2020-1/AILES%20JOHN%202020-1.pdf
ALBERT FRED,2019-3,https://ethics.wv.gov/SiteCollectionDocuments/Lobby/ACTIVITY%20REPORTS/2019-3/ALBERT%20FRED%202019-3.pdf
ALLEN LOREN,2019-3,https://ethics.wv.gov/SiteCollectionDocuments/Lobby/ACTIVITY%20REPORTS/2019-3/ALLEN%20LOREN%202019-3.pdf
ANDERSON MARIBETH,2019-3,https://ethics.wv.gov/SiteCollectionDocuments/Lobby/ACTIVITY%20REPORTS/2019-3/ANDERSON%20MARIBETH%202019-3.pdf
ANTONETTE VALERIE,2019-3,https://ethics.wv.gov/SiteCollectionDocuments/Lobby/ACTIVITY%20REPORTS/2019-3/ANTONETTE%20VALERIE%202019-3.pdf
ARCHER JULIE,2019-3,https://ethics.wv.gov/SiteCollectionDocuments/Lobby/ACTIVITY%20REPORTS/2019-3/ARCHER%20JULIE%202019-3.pdf
BAILEY BRIDGET,2019-3,https://ethics.wv.gov/SiteCollectionDocuments/Lobby/ACTIVITY%20REPORTS/2019-3/BAILEY%20BRIDGET%202019-3.pdf
BAILEY TODD,2019-3,https://ethics.wv.gov/SiteCollectionDocuments/Lobby/ACTIVITY%20REPORTS/2019-3/BAILEY%20TODD%202019-3.pdf
BAKER CASSI,2019-3,https://ethics.wv.gov/SiteCollectionDocuments/Lobby/ACTIVITY%20REPORTS/2019-3/BAKER%20CASSI%202019-3.pdf
BALL STERLING,2019-3,https://ethics.wv.gov/SiteCollectionDocuments/Lobby/ACTIVITY%20REPORTS/2019-3/BALL%20STERLING%202019-3.pdf
BALLARD MATTHEW,2019-3,https://ethics.wv.gov/SiteCollectionDocuments/Lobby/ACTIVITY%20REPORTS/2019-3/BALLARD%20MATTHEW%202019-3.pdf
BANIG ADAM,2019-3,https://ethics.wv.gov/SiteCollectionDocuments/Lobby/ACTIVITY%20REPORTS/2019-3/BANIG%20ADAM%202019-3.pdf
BASILE MICHAEL,2019-3,https://ethics.wv.gov/SiteCollectionDocuments/Lobby/ACTIVITY%20REPORTS/2019-3/BASILE%20MICHAEL%202019-3.pdf
BAUMWELL ELI,2019-3,https://ethics.wv.gov/SiteCollectionDocuments/Lobby/ACTIVITY%20REPORTS/2019-3/BAUMWELL%20ELI%202019-3.pdf
BAUMWELL ELI,2020-1,https://ethics.wv.gov/SiteCollectionDocuments/Lobby/ACTIVITY%20REPORTS/2020-1/BAUMWELL%20ELI%202020-1.pdf
BEAKES BENJAMIN,2019-3,https://ethics.wv.gov/SiteCollectionDocuments/Lobby/ACTIVITY%20REPORTS/2019-3/BEAKES%20BENJAMIN%202019-3.pdf
BECKMAN LINDA,2019-3,https://ethics.wv.gov/SiteCollectionDocuments/Lobby/ACTIVITY%20REPORTS/2019-3/BECKMAN%20LINDA%202019-3.pdf
BECKMAN LINDA,2020-1,https://ethics.wv.gov/SiteCollectionDocuments/Lobby/ACTIVITY%20REPORTS/2020-1/BECKMAN%20LINDA%202020-1.pdf
BEGOVICH LEWIS,2019-3,https://ethics.wv.gov/SiteCollectionDocuments/Lobby/ACTIVITY%20REPORTS/2019-3/BEGOVICH%20LEWIS%202019-3.pdf
BENIT MELANIE,2019-3,https://ethics.wv.gov/SiteCollectionDocuments/Lobby/ACTIVITY%20REPORTS/2019-3/BENIT%20MELANIE%202019-3.pdf
BENNETT TAYLOR,2019-3,https://ethics.wv.gov/SiteCollectionDocuments/Lobby/ACTIVITY%20REPORTS/2019-3/BENNETT%20TAYLOR%202019-3.pdf
BISSETT BILL,2019-3,https://ethics.wv.gov/SiteCollectionDocuments/Lobby/ACTIVITY%20REPORTS/2019-3/BISSETT%20BILL%202019-3.pdf
BLANDFORD ALLYSON,2019-3,https://ethics.wv.gov/SiteCollectionDocuments/Lobby/ACTIVITY%20REPORTS/2019-3/BLANDFORD%20ALLYSON%202019-3.pdf
BLANKENSHIP ANNE,2019-3,https://ethics.wv.gov/SiteCollectionDocuments/Lobby/ACTIVITY%20REPORTS/2019-3/BLANKENSHIP%20ANNE%202019-3.pdf
BLANKENSHIP MARK,2019-3,https://ethics.wv.gov/SiteCollectionDocuments/Lobby/ACTIVITY%20REPORTS/2019-3/BLANKENSHIP%20MARK%202019-3.pdf
BLOSSER TRAVIS,2019-3,https://ethics.wv.gov/SiteCollectionDocuments/Lobby/ACTIVITY%20REPORTS/2019-3/BLOSSER%20TRAVIS%202019-3.pdf
BOARD JONATHAN,2019-3,https://ethics.wv.gov/SiteCollectionDocuments/Lobby/ACTIVITY%20REPORTS/2019-3/BOARD%20JONATHAN%202019-3.pdf
BOETTNER TED,2019-3,https://ethics.wv.gov/SiteCollectionDocuments/Lobby/ACTIVITY%20REPORTS/2019-3/BOETTNER%20TED%202019-3.pdf
BOSTIC JASON,2019-3,https://ethics.wv.gov/SiteCollectionDocuments/Lobby/ACTIVITY%20REPORTS/2019-3/BOSTIC%20JASON%202019-3.pdf
BOWEN JIM,2019-3,https://ethics.wv.gov/SiteCollectionDocuments/Lobby/ACTIVITY%20REPORTS/2019-3/BOWEN%20JIM%202019-3.pdf
BOWEN JIM,2020-1,https://ethics.wv.gov/SiteCollectionDocuments/Lobby/ACTIVITY%20REPORTS/2020-1/BOWEN%20JIM%202020-1.pdf
BOWLES MATTHEW,2019-3,https://ethics.wv.gov/SiteCollectionDocuments/Lobby/ACTIVITY%20REPORTS/2019-3/BOWLES%20MATTHEW%202019-3.pdf
BRADY RON,2019-3,https://ethics.wv.gov/SiteCollectionDocuments/Lobby/ACTIVITY%20REPORTS/2019-3/BRADY%20RON%202019-3.pdf
BROWN BOB,2019-3,https://ethics.wv.gov/SiteCollectionDocuments/Lobby/ACTIVITY%20REPORTS/2019-3/BROWN%20BOB%202019-3.pdf
BROWN BRYAN,2019-3,https://ethics.wv.gov/SiteCollectionDocuments/Lobby/ACTIVITY%20REPORTS/2019-3/BROWN%20BRYAN%202019-3.pdf
BROWN TAMERA,2019-3,https://ethics.wv.gov/SiteCollectionDocuments/Lobby/ACTIVITY%20REPORTS/2019-3/BROWN%20TAMERA%202019-3.pdf
BURD CHARLIE,2019-3,https://ethics.wv.gov/SiteCollectionDocuments/Lobby/ACTIVITY%20REPORTS/2019-3/BURD%20CHARLIE%202019-3.pdf
BURDETTE PAT,2019-3,https://ethics.wv.gov/SiteCollectionDocuments/Lobby/ACTIVITY%20REPORTS/2019-3/BURDETTE%20PAT%202019-3.pdf
BURDETTE PATRICIA,2020-1,https://ethics.wv.gov/SiteCollectionDocuments/Lobby/ACTIVITY%20REPORTS/2020-1/BURDETTE%20PATRICIA%202020-1.pdf
BURTON ROBERT,2019-3,https://ethics.wv.gov/SiteCollectionDocuments/Lobby/ACTIVITY%20REPORTS/2019-3/BURTON%20ROBERT%202019-3.pdf
BUTCHER LOARIE,2019-3,https://ethics.wv.gov/SiteCollectionDocuments/Lobby/ACTIVITY%20REPORTS/2019-3/BUTCHER%20LOARIE%202019-3.pdf
BUTLER STEPHEN,2019-3,https://ethics.wv.gov/SiteCollectionDocuments/Lobby/ACTIVITY%20REPORTS/2019-3/BUTLER%20STEPHEN%202019-3.pdf
CADLE PAT,2019-3,https://ethics.wv.gov/SiteCollectionDocuments/Lobby/ACTIVITY%20REPORTS/2019-3/CADLE%20PAT%202019-3.pdf
CALAMITA F PAUL,2019-3,https://ethics.wv.gov/SiteCollectionDocuments/Lobby/ACTIVITY%20REPORTS/2019-3/CALAMITA%20F%20PAUL%202019-3.pdf
CALAMITA FRANK P,2020-1,https://ethics.wv.gov/SiteCollectionDocuments/Lobby/ACTIVITY%20REPORTS/2020-1/CALAMITA%20FRANK%20P%202020-1.pdf
CALLEN ELDON,2019-3,https://ethics.wv.gov/SiteCollectionDocuments/Lobby/ACTIVITY%20REPORTS/2019-3/CALLEN%20ELDON%202019-3.pdf
CAMERON CHRISTINA,2019-3,https://ethics.wv.gov/SiteCollectionDocuments/Lobby/ACTIVITY%20REPORTS/2019-3/CAMERON%20CHRISTINA%202019-3.pdf
CANFIELD JOHN,2019-3,https://ethics.wv.gov/SiteCollectionDocuments/Lobby/ACTIVITY%20REPORTS/2019-3/CANFIELD%20JOHN%202019-3.pdf
CAREY JOHN,2019-3,https://ethics.wv.gov/SiteCollectionDocuments/Lobby/ACTIVITY%20REPORTS/2019-3/CAREY%20JOHN%202019-3.pdf
CAREY MIKE,2019-3,https://ethics.wv.gov/SiteCollectionDocuments/Lobby/ACTIVITY%20REPORTS/2019-3/CAREY%20MIKE%202019-3.pdf
CARLSON ERIC,2019-3,https://ethics.wv.gov/SiteCollectionDocuments/Lobby/ACTIVITY%20REPORTS/2019-3/CARLSON%20ERIC%202019-3.pdf
CARLSON ERIC,2020-1,https://ethics.wv.gov/SiteCollectionDocuments/Lobby/ACTIVITY%20REPORTS/2020-1/CARLSON%20ERIC%202020-1.pdf
CASTO ROB,2019-3,https://ethics.wv.gov/SiteCollectionDocuments/Lobby/ACTIVITY%20REPORTS/2019-3/CASTO%20ROB%202019-3.pdf
CAVACINI JOHN,2019-3,https://ethics.wv.gov/SiteCollectionDocuments/Lobby/ACTIVITY%20REPORTS/2019-3/CAVACINI%20JOHN%202019-3.pdf
CHEETHAM J RANDOLPH,2019-3,https://ethics.wv.gov/SiteCollectionDocuments/Lobby/ACTIVITY%20REPORTS/2019-3/CHEETHAM%20J%20RANDOLPH%202019-3.pdf
CLARK MARK,2019-3,https://ethics.wv.gov/SiteCollectionDocuments/Lobby/ACTIVITY%20REPORTS/2019-3/CLARK%20MARK%202019-3.pdf
ALISA CLEMENTS,2019-3,https://ethics.wv.gov/SiteCollectionDocuments/Lobby/ACTIVITY%20REPORTS/2019-3/ALISA%20CLEMENTS%202019-3.pdf
CLINE JANE,2019-3,https://ethics.wv.gov/SiteCollectionDocuments/Lobby/ACTIVITY%20REPORTS/2019-3/CLINE%20JANE%202019-3.pdf
CLINE SARA,2019-3,https://ethics.wv.gov/SiteCollectionDocuments/Lobby/ACTIVITY%20REPORTS/2019-3/CLINE%20SARA%202019-3.pdf
CLOWSER MICHAEL,2019-3,https://ethics.wv.gov/SiteCollectionDocuments/Lobby/ACTIVITY%20REPORTS/2019-3/CLOWSER%20MICHAEL%202019-3.pdf
CLOWSER MICHAEL,2020-1,https://ethics.wv.gov/SiteCollectionDocuments/Lobby/ACTIVITY%20REPORTS/2020-1/CLOWSER%20MICHAEL%202020-1.pdf
CLOWSER MICHAEL  AMENDED,2020-1,https://ethics.wv.gov/SiteCollectionDocuments/Lobby/ACTIVITY%20REPORTS/2020-1/CLOWSER%20MICHAEL%202020-1%20AMENDED.pdf
COBURN TOM,2019-3,https://ethics.wv.gov/SiteCollectionDocuments/Lobby/ACTIVITY%20REPORTS/2019-3/COBURN%20TOM%202019-3.pdf
COFFMAN RACHEL,2019-3,https://ethics.wv.gov/SiteCollectionDocuments/Lobby/ACTIVITY%20REPORTS/2019-3/COFFMAN%20RACHEL%202019-3.pdf
COHEN JOSEPH,2019-3,https://ethics.wv.gov/SiteCollectionDocuments/Lobby/ACTIVITY%20REPORTS/2019-3/COHEN%20JOSEPH%202019-3.pdf
COLE PHYLLIS,2019-3,https://ethics.wv.gov/SiteCollectionDocuments/Lobby/ACTIVITY%20REPORTS/2019-3/COLE%20PHYLLIS%202019-3.pdf
COLE PHYLLIS,2020-1,https://ethics.wv.gov/SiteCollectionDocuments/Lobby/ACTIVITY%20REPORTS/2020-1/COLE%20PHYLLIS%202020-1.pdf
COLLINS SUSAN LEE,2019-3,https://ethics.wv.gov/SiteCollectionDocuments/Lobby/ACTIVITY%20REPORTS/2019-3/COLLINS%20SUSAN%20LEE%202019-3.pdf
COLLINS SUSAN LEE,2020-1,https://ethics.wv.gov/SiteCollectionDocuments/Lobby/ACTIVITY%20REPORTS/2020-1/COLLINS%20SUSAN%20LEE%202020-1.pdf
CONNORS CAITLIN,2019-3,https://ethics.wv.gov/SiteCollectionDocuments/Lobby/ACTIVITY%20REPORTS/2019-3/CONNORS%20CAITLIN%202019-3.pdf
COOK MARY,2019-3,https://ethics.wv.gov/SiteCollectionDocuments/Lobby/ACTIVITY%20REPORTS/2019-3/COOK%20MARY%202019-3.pdf
COOK STEPHANIE,2019-3,https://ethics.wv.gov/SiteCollectionDocuments/Lobby/ACTIVITY%20REPORTS/2019-3/COOK%20STEPHANIE%202019-3.pdf
COOLEY BETHANNE,2019-3,https://ethics.wv.gov/SiteCollectionDocuments/Lobby/ACTIVITY%20REPORTS/2019-3/COOLEY%20BETHANNE%202019-3.pdf
CORSIG ANDREW,2019-3,https://ethics.wv.gov/SiteCollectionDocuments/Lobby/ACTIVITY%20REPORTS/2019-3/CORSIG%20ANDREW%202019-3.pdf
COSCO SCOTT,2019-3,https://ethics.wv.gov/SiteCollectionDocuments/Lobby/ACTIVITY%20REPORTS/2019-3/COSCO%20SCOTT%202019-3.pdf
COURTS AMELIA,2019-3,https://ethics.wv.gov/SiteCollectionDocuments/Lobby/ACTIVITY%20REPORTS/2019-3/COURTS%20AMELIA%202019-3.pdf
COURTS AMELIA,2020-1,https://ethics.wv.gov/SiteCollectionDocuments/Lobby/ACTIVITY%20REPORTS/2020-1/COURTS%20AMELIA%202020-1.pdf
CRANE RANDY,2019-3,https://ethics.wv.gov/SiteCollectionDocuments/Lobby/ACTIVITY%20REPORTS/2019-3/CRANE%20RANDY%202019-3.pdf
CREEDON PAUL,2019-3,https://ethics.wv.gov/SiteCollectionDocuments/Lobby/ACTIVITY%20REPORTS/2019-3/CREEDON%20PAUL%202019-3.pdf
CREEDON PAUL,2020-1,https://ethics.wv.gov/SiteCollectionDocuments/Lobby/ACTIVITY%20REPORTS/2020-1/CREEDON%20PAUL%202020-1.pdf
CREWS JESSICA,2019-3,https://ethics.wv.gov/SiteCollectionDocuments/Lobby/ACTIVITY%20REPORTS/2019-3/CREWS%20JESSICA%202019-3.pdf
CREWS JESSICA,2020-1,https://ethics.wv.gov/SiteCollectionDocuments/Lobby/ACTIVITY%20REPORTS/2020-1/CREWS%20JESSICA%202020-1.pdf
CRIST MICHELLE,2019-3,https://ethics.wv.gov/SiteCollectionDocuments/Lobby/ACTIVITY%20REPORTS/2019-3/CRIST%20MICHELLE%202019-3.pdf
CRONIN JOHN,2019-3,https://ethics.wv.gov/SiteCollectionDocuments/Lobby/ACTIVITY%20REPORTS/2019-3/CRONIN%20JOHN%202019-3.pdf
CURRY JULIANA,2019-3,https://ethics.wv.gov/SiteCollectionDocuments/Lobby/ACTIVITY%20REPORTS/2019-3/CURRY%20JULIANA%202019-3.pdf
DALE STEVEN,2019-3,https://ethics.wv.gov/SiteCollectionDocuments/Lobby/ACTIVITY%20REPORTS/2019-3/DALE%20STEVEN%202019-3.pdf
DARLING ELAINE,2019-3,https://ethics.wv.gov/SiteCollectionDocuments/Lobby/ACTIVITY%20REPORTS/2019-3/DARLING%20ELAINE%202019-3.pdf
DAYTON BRIAN,2019-3,https://ethics.wv.gov/SiteCollectionDocuments/Lobby/ACTIVITY%20REPORTS/2019-3/DAYTON%20BRIAN%202019-3.pdf
DEBORD BETSY,2019-3,https://ethics.wv.gov/SiteCollectionDocuments/Lobby/ACTIVITY%20REPORTS/2019-3/DEBORD%20BETSY%202019-3.pdf
DENNISON CORY,2019-3,https://ethics.wv.gov/SiteCollectionDocuments/Lobby/ACTIVITY%20REPORTS/2019-3/DENNISON%20CORY%202019-3.pdf
DETTINGER G KURT,2019-3,https://ethics.wv.gov/SiteCollectionDocuments/Lobby/ACTIVITY%20REPORTS/2019-3/DETTINGER%20G%20KURT%202019-3.pdf
DISABATO MICHAEL,2019-3,https://ethics.wv.gov/SiteCollectionDocuments/Lobby/ACTIVITY%20REPORTS/2019-3/DISABATO%20MICHAEL%202019-3.pdf
DISTEFANO SETH,2019-3,https://ethics.wv.gov/SiteCollectionDocuments/Lobby/ACTIVITY%20REPORTS/2019-3/DISTEFANO%20SETH%202019-3.pdf
DISTEFANO SETH,2020-1,https://ethics.wv.gov/SiteCollectionDocuments/Lobby/ACTIVITY%20REPORTS/2020-1/DISTEFANO%20SETH%202020-1.pdf
DONNELLY MICHAEL,2019-3,https://ethics.wv.gov/SiteCollectionDocuments/Lobby/ACTIVITY%20REPORTS/2019-3/DONNELLY%20MICHAEL%202019-3.pdf
DOOLEY LISA,2019-3,https://ethics.wv.gov/SiteCollectionDocuments/Lobby/ACTIVITY%20REPORTS/2019-3/DOOLEY%20LISA%202019-3.pdf
DOUGHERTY GARY,2019-3,https://ethics.wv.gov/SiteCollectionDocuments/Lobby/ACTIVITY%20REPORTS/2019-3/DOUGHERTY%20GARY%202019-3.pdf
DOUGHERTY GARY,2020-1,https://ethics.wv.gov/SiteCollectionDocuments/Lobby/ACTIVITY%20REPORTS/2020-1/DOUGHERTY%20GARY%202020-1.pdf
DOUGLASS WILLIAM,2019-3,https://ethics.wv.gov/SiteCollectionDocuments/Lobby/ACTIVITY%20REPORTS/2019-3/DOUGLASS%20WILLIAM%202019-3.pdf
DUKETTE AARON,2019-3,https://ethics.wv.gov/SiteCollectionDocuments/Lobby/ACTIVITY%20REPORTS/2019-3/DUKETTE%20AARON%202019-3.pdf
ECONOMOU SUSAN,2019-3,https://ethics.wv.gov/SiteCollectionDocuments/Lobby/ACTIVITY%20REPORTS/2019-3/ECONOMOU%20SUSAN%202019-3.pdf
EFAW DAVID,2019-3,https://ethics.wv.gov/SiteCollectionDocuments/Lobby/ACTIVITY%20REPORTS/2019-3/EFAW%20DAVID%202019-3.pdf
ELLEM JOHN,2019-3,https://ethics.wv.gov/SiteCollectionDocuments/Lobby/ACTIVITY%20REPORTS/2019-3/ELLEM%20JOHN%202019-3.pdf
ENGEN RACHELLE,2019-3,https://ethics.wv.gov/SiteCollectionDocuments/Lobby/ACTIVITY%20REPORTS/2019-3/ENGEN%20RACHELLE%202019-3.pdf
ESTLACK MARCUS,2019-3,https://ethics.wv.gov/SiteCollectionDocuments/Lobby/ACTIVITY%20REPORTS/2019-3/ESTLACK%20MARCUS%202019-3.pdf
FATH TRACY,2019-3,https://ethics.wv.gov/SiteCollectionDocuments/Lobby/ACTIVITY%20REPORTS/2019-3/FATH%20TRACY%202019-3.pdf
FAWCETT JAMES,2019-3,https://ethics.wv.gov/SiteCollectionDocuments/Lobby/ACTIVITY%20REPORTS/2019-3/FAWCETT%20JAMES%202019-3.pdf
FAWCETT JAMES,2020-1,https://ethics.wv.gov/SiteCollectionDocuments/Lobby/ACTIVITY%20REPORTS/2020-1/FAWCETT%20JAMES%202020-1.pdf
FEALY JAMES,2019-3,https://ethics.wv.gov/SiteCollectionDocuments/Lobby/ACTIVITY%20REPORTS/2019-3/FEALY%20JAMES%202019-3.pdf
FEENEY ANDY,2019-3,https://ethics.wv.gov/SiteCollectionDocuments/Lobby/ACTIVITY%20REPORTS/2019-3/FEENEY%20ANDY%202019-3.pdf
FERRO CHRIS,2019-3,https://ethics.wv.gov/SiteCollectionDocuments/Lobby/ACTIVITY%20REPORTS/2019-3/FERRO%20CHRIS%202019-3.pdf
FINN AMANDA,2019-3,https://ethics.wv.gov/SiteCollectionDocuments/Lobby/ACTIVITY%20REPORTS/2019-3/FINN%20AMANDA%202019-3.pdf
FLANNERY DAVID,2019-3,https://ethics.wv.gov/SiteCollectionDocuments/Lobby/ACTIVITY%20REPORTS/2019-3/FLANNERY%20DAVID%202019-3.pdf
FORD MICHELLE,2019-3,https://ethics.wv.gov/SiteCollectionDocuments/Lobby/ACTIVITY%20REPORTS/2019-3/FORD%20MICHELLE%202019-3.pdf
FRANCIS CHAD,2019-3,https://ethics.wv.gov/SiteCollectionDocuments/Lobby/ACTIVITY%20REPORTS/2019-3/FRANCIS%20CHAD%202019-3.pdf
FRANKENBERRY GRETCHEN,2019-3,https://ethics.wv.gov/SiteCollectionDocuments/Lobby/ACTIVITY%20REPORTS/2019-3/FRANKENBERRY%20GRETCHEN%202019-3.pdf
FRITZ JEFF,2019-3,https://ethics.wv.gov/SiteCollectionDocuments/Lobby/ACTIVITY%20REPORTS/2019-3/FRITZ%20JEFF%202019-3.pdf
FULKS CAROL,2019-3,https://ethics.wv.gov/SiteCollectionDocuments/Lobby/ACTIVITY%20REPORTS/2019-3/FULKS%20CAROL%202019-3.pdf
GALLAGHER ANDY,2019-3,https://ethics.wv.gov/SiteCollectionDocuments/Lobby/ACTIVITY%20REPORTS/2019-3/GALLAGHER%20ANDY%202019-3.pdf
GALLAGHER ANDY,2020-1,https://ethics.wv.gov/SiteCollectionDocuments/Lobby/ACTIVITY%20REPORTS/2020-1/GALLAGHER%20ANDY%202020-1.pdf
GAUNCH JOHNNA,2019-3,https://ethics.wv.gov/SiteCollectionDocuments/Lobby/ACTIVITY%20REPORTS/2019-3/GAUNCH%20JOHNNA%202019-3.pdf
GEORGE EDWARD,2019-3,https://ethics.wv.gov/SiteCollectionDocuments/Lobby/ACTIVITY%20REPORTS/2019-3/GEORGE%20EDWARD%202019-3.pdf
GEORGE EDWARD,2020-1,https://ethics.wv.gov/SiteCollectionDocuments/Lobby/ACTIVITY%20REPORTS/2020-1/GEORGE%20EDWARD%202020-1.pdf
GOES KELLEY,2019-3,https://ethics.wv.gov/SiteCollectionDocuments/Lobby/ACTIVITY%20REPORTS/2019-3/GOES%20KELLEY%202019-3.pdf
GOLLEHON JOE,2019-3,https://ethics.wv.gov/SiteCollectionDocuments/Lobby/ACTIVITY%20REPORTS/2019-3/GOLLEHON%20JOE%202019-3.pdf
GOMEZ MARK,2019-3,https://ethics.wv.gov/SiteCollectionDocuments/Lobby/ACTIVITY%20REPORTS/2019-3/GOMEZ%20MARK%202019-3.pdf
GOOD CRYSTAL,2019-3,https://ethics.wv.gov/SiteCollectionDocuments/Lobby/ACTIVITY%20REPORTS/2019-3/GOOD%20CRYSTAL%202019-3.pdf
GRAY SAMMY,2019-3,https://ethics.wv.gov/SiteCollectionDocuments/Lobby/ACTIVITY%20REPORTS/2019-3/GRAY%20SAMMY%202019-3.pdf
GREENE ANDREA,2019-3,https://ethics.wv.gov/SiteCollectionDocuments/Lobby/ACTIVITY%20REPORTS/2019-3/GREENE%20ANDREA%202019-3.pdf
GREGORY TONY,2019-3,https://ethics.wv.gov/SiteCollectionDocuments/Lobby/ACTIVITY%20REPORTS/2019-3/GREGORY%20TONY%202019-3.pdf
HAFFENBREDL MARY,2019-3,https://ethics.wv.gov/SiteCollectionDocuments/Lobby/ACTIVITY%20REPORTS/2019-3/HAFFENBREDL%20MARY%202019-3.pdf
HAFFENBREDL MARY,2020-1,https://ethics.wv.gov/SiteCollectionDocuments/Lobby/ACTIVITY%20REPORTS/2020-1/HAFFENBREDL%20MARY%202020-1.pdf
HAID MICHAEL,2020-1,https://ethics.wv.gov/SiteCollectionDocuments/Lobby/ACTIVITY%20REPORTS/2020-1/HAID%20MICHAEL%202020-1.pdf
HALL CHRIS,2019-3,https://ethics.wv.gov/SiteCollectionDocuments/Lobby/ACTIVITY%20REPORTS/2019-3/HALL%20CHRIS%202019-3.pdf
HALL DANIEL,2019-3,https://ethics.wv.gov/SiteCollectionDocuments/Lobby/ACTIVITY%20REPORTS/2019-3/HALL%20DANIEL%202019-3.pdf
HAMILTON CHRIS,2019-3,https://ethics.wv.gov/SiteCollectionDocuments/Lobby/ACTIVITY%20REPORTS/2019-3/HAMILTON%20CHRIS%202019-3.pdf
HANCOCK STEVE,2019-3,https://ethics.wv.gov/SiteCollectionDocuments/Lobby/ACTIVITY%20REPORTS/2019-3/HANCOCK%20STEVE%202019-3.pdf
HANCOCK STEPHEN,2020-1,https://ethics.wv.gov/SiteCollectionDocuments/Lobby/ACTIVITY%20REPORTS/2020-1/HANCOCK%20STEPHEN%202020-1.pdf
HANEY DAVID,2019-3,https://ethics.wv.gov/SiteCollectionDocuments/Lobby/ACTIVITY%20REPORTS/2019-3/HANEY%20DAVID%202019-3.pdf
HANNA SAMUEL,2019-3,https://ethics.wv.gov/SiteCollectionDocuments/Lobby/ACTIVITY%20REPORTS/2019-3/HANNA%20SAMUEL%202019-3.pdf
HANNA SAM,2020-1,https://ethics.wv.gov/SiteCollectionDocuments/Lobby/ACTIVITY%20REPORTS/2020-1/HANNA%20SAM%202020-1.pdf
HANNAH MEGAN,2019-3,https://ethics.wv.gov/SiteCollectionDocuments/Lobby/ACTIVITY%20REPORTS/2019-3/HANNAH%20MEGAN%202019-3.pdf
HANNAH TRACY,2019-3,https://ethics.wv.gov/SiteCollectionDocuments/Lobby/ACTIVITY%20REPORTS/2019-3/HANNAH%20TRACY%202019-3.pdf
HANNOLD HOLLY,2019-3,https://ethics.wv.gov/SiteCollectionDocuments/Lobby/ACTIVITY%20REPORTS/2019-3/HANNOLD%20HOLLY%202019-3.pdf
HARDY MARINA,2019-3,https://ethics.wv.gov/SiteCollectionDocuments/Lobby/ACTIVITY%20REPORTS/2019-3/HARDY%20MARINA%202019-3.pdf
HARDY MARINA,2020-1,https://ethics.wv.gov/SiteCollectionDocuments/Lobby/ACTIVITY%20REPORTS/2020-1/HARDY%20MARINA%202020-1.pdf
HARMON KATRINA,2019-3,https://ethics.wv.gov/SiteCollectionDocuments/Lobby/ACTIVITY%20REPORTS/2019-3/HARMON%20KATRINA%202019-3.pdf
HARRELL RAYMOND,2019-3,https://ethics.wv.gov/SiteCollectionDocuments/Lobby/ACTIVITY%20REPORTS/2019-3/HARRELL%20RAYMOND%202019-3.pdf
HARRIS ELAINE,2019-3,https://ethics.wv.gov/SiteCollectionDocuments/Lobby/ACTIVITY%20REPORTS/2019-3/HARRIS%20ELAINE%202019-3.pdf
HARRISON JACK,2019-3,https://ethics.wv.gov/SiteCollectionDocuments/Lobby/ACTIVITY%20REPORTS/2019-3/HARRISON%20JACK%202019-3.pdf
HARRISON KRISTEN EMP TERM NOTICE,2019-3,https://ethics.wv.gov/SiteCollectionDocuments/Lobby/ACTIVITY%20REPORTS/2019-3/HARRISON%20KRISTEN%20EMP%20TERM%20NOTICE%202019-3.pdf
HARTMAN FRANK,2019-3,https://ethics.wv.gov/SiteCollectionDocuments/Lobby/ACTIVITY%20REPORTS/2019-3/HARTMAN%20FRANK%202019-3.pdf
HATFIELD BRANDON,2019-3,https://ethics.wv.gov/SiteCollectionDocuments/Lobby/ACTIVITY%20REPORTS/2019-3/HATFIELD%20BRANDON%202019-3.pdf
HATTON BRANDON,2019-3,https://ethics.wv.gov/SiteCollectionDocuments/Lobby/ACTIVITY%20REPORTS/2019-3/HATTON%20BRANDON%202019-3.pdf
HEARD NEIL,2019-3,https://ethics.wv.gov/SiteCollectionDocuments/Lobby/ACTIVITY%20REPORTS/2019-3/HEARD%20NEIL%202019-3.pdf
HEATH RICHARD,2019-3,https://ethics.wv.gov/SiteCollectionDocuments/Lobby/ACTIVITY%20REPORTS/2019-3/HEATH%20RICHARD%202019-3.pdf
HEATH RICHARD,2020-1,https://ethics.wv.gov/SiteCollectionDocuments/Lobby/ACTIVITY%20REPORTS/2020-1/HEATH%20RICHARD%202020-1.pdf
HEFNER GREGORY,2019-3,https://ethics.wv.gov/SiteCollectionDocuments/Lobby/ACTIVITY%20REPORTS/2019-3/HEFNER%20GREGORY%202019-3.pdf
HENDRICKSON KATIE,2019-3,https://ethics.wv.gov/SiteCollectionDocuments/Lobby/ACTIVITY%20REPORTS/2019-3/HENDRICKSON%20KATIE%202019-3.pdf
HENNING ERIC,2019-3,https://ethics.wv.gov/SiteCollectionDocuments/Lobby/ACTIVITY%20REPORTS/2019-3/HENNING%20ERIC%202019-3.pdf
HEWITT GRANT,2019-3,https://ethics.wv.gov/SiteCollectionDocuments/Lobby/ACTIVITY%20REPORTS/2019-3/HEWITT%20GRANT%202019-3.pdf
HEYWOOD THOMAS,2019-3,https://ethics.wv.gov/SiteCollectionDocuments/Lobby/ACTIVITY%20REPORTS/2019-3/HEYWOOD%20THOMAS%202019-3.pdf
HICKMAN SAMUEL,2019-3,https://ethics.wv.gov/SiteCollectionDocuments/Lobby/ACTIVITY%20REPORTS/2019-3/HICKMAN%20SAMUEL%202019-3.pdf
HILL DALE,2019-3,https://ethics.wv.gov/SiteCollectionDocuments/Lobby/ACTIVITY%20REPORTS/2019-3/HILL%20DALE%202019-3.pdf
HINGST ERIK,2019-3,https://ethics.wv.gov/SiteCollectionDocuments/Lobby/ACTIVITY%20REPORTS/2019-3/HINGST%20ERIK%202019-3.pdf
HODGES DAVID,2019-3,https://ethics.wv.gov/SiteCollectionDocuments/Lobby/ACTIVITY%20REPORTS/2019-3/HODGES%20DAVID%202019-3.pdf
HOHENWARTER JOHN,2019-3,https://ethics.wv.gov/SiteCollectionDocuments/Lobby/ACTIVITY%20REPORTS/2019-3/HOHENWARTER%20JOHN%202019-3.pdf
HOLZAPFEL ZACH,2019-3,https://ethics.wv.gov/SiteCollectionDocuments/Lobby/ACTIVITY%20REPORTS/2019-3/HOLZAPFEL%20ZACH%202019-3.pdf
HOYER GREGORY,2019-3,https://ethics.wv.gov/SiteCollectionDocuments/Lobby/ACTIVITY%20REPORTS/2019-3/HOYER%20GREGORY%202019-3.pdf
HOYLM BRYAN,2019-3,https://ethics.wv.gov/SiteCollectionDocuments/Lobby/ACTIVITY%20REPORTS/2019-3/HOYLM%20BRYAN%202019-3.pdf
HUBER THOMAS,2019-3,https://ethics.wv.gov/SiteCollectionDocuments/Lobby/ACTIVITY%20REPORTS/2019-3/HUBER%20THOMAS%202019-3.pdf
HUDSON CHRISTOPHER,2019-3,https://ethics.wv.gov/SiteCollectionDocuments/Lobby/ACTIVITY%20REPORTS/2019-3/HUDSON%20CHRISTOPHER%202019-3.pdf
HUFFMAN CAM,2019-3,https://ethics.wv.gov/SiteCollectionDocuments/Lobby/ACTIVITY%20REPORTS/2019-3/HUFFMAN%20CAM%202019-3.pdf
HUFFMAN CAM,2020-1,https://ethics.wv.gov/SiteCollectionDocuments/Lobby/ACTIVITY%20REPORTS/2020-1/HUFFMAN%20CAM%202020-1.pdf
HUFFMAN JASON,2019-3,https://ethics.wv.gov/SiteCollectionDocuments/Lobby/ACTIVITY%20REPORTS/2019-3/HUFFMAN%20JASON%202019-3.pdf
HUFFMAN TIMOTHY,2019-3,https://ethics.wv.gov/SiteCollectionDocuments/Lobby/ACTIVITY%20REPORTS/2019-3/HUFFMAN%20TIMOTHY%202019-3.pdf
IRELAND KARAN,2019-3,https://ethics.wv.gov/SiteCollectionDocuments/Lobby/ACTIVITY%20REPORTS/2019-3/IRELAND%20KARAN%202019-3.pdf
IRELAND KARAN,2020-1,https://ethics.wv.gov/SiteCollectionDocuments/Lobby/ACTIVITY%20REPORTS/2020-1/IRELAND%20KARAN%202020-1.pdf
JACQUIS MICHELLE,2019-3,https://ethics.wv.gov/SiteCollectionDocuments/Lobby/ACTIVITY%20REPORTS/2019-3/JACQUIS%20MICHELLE%202019-3.pdf
JARRATT LENNIE,2019-3,https://ethics.wv.gov/SiteCollectionDocuments/Lobby/ACTIVITY%20REPORTS/2019-3/JARRATT%20LENNIE%202019-3.pdf
JENSEN SCOTT,2019-3,https://ethics.wv.gov/SiteCollectionDocuments/Lobby/ACTIVITY%20REPORTS/2019-3/JENSEN%20SCOTT%202019-3.pdf
JOHNS JOSEPH,2019-3,https://ethics.wv.gov/SiteCollectionDocuments/Lobby/ACTIVITY%20REPORTS/2019-3/JOHNS%20JOSEPH%202019-3.pdf
JOHNS ROBERT,2019-3,https://ethics.wv.gov/SiteCollectionDocuments/Lobby/ACTIVITY%20REPORTS/2019-3/JOHNS%20ROBERT%202019-3.pdf
JONES ERIN,2019-3,https://ethics.wv.gov/SiteCollectionDocuments/Lobby/ACTIVITY%20REPORTS/2019-3/JONES%20ERIN%202019-3.pdf
JOSEPH RAYMOND,2019-3,https://ethics.wv.gov/SiteCollectionDocuments/Lobby/ACTIVITY%20REPORTS/2019-3/JOSEPH%20RAYMOND%202019-3.pdf
KARDELL LISA,2019-3,https://ethics.wv.gov/SiteCollectionDocuments/Lobby/ACTIVITY%20REPORTS/2019-3/KARDELL%20LISA%202019-3.pdf
KENNEDY MADELINE,2019-3,https://ethics.wv.gov/SiteCollectionDocuments/Lobby/ACTIVITY%20REPORTS/2019-3/KENNEDY%20MADELINE%202019-3.pdf
KENNEDY MADELINE,2020-1,https://ethics.wv.gov/SiteCollectionDocuments/Lobby/ACTIVITY%20REPORTS/2020-1/KENNEDY%20MADELINE%202020-1.pdf
KILLION MICHAEL,2019-3,https://ethics.wv.gov/SiteCollectionDocuments/Lobby/ACTIVITY%20REPORTS/2019-3/KILLION%20MICHAEL%202019-3.pdf
KIM HAROLD,2019-3,https://ethics.wv.gov/SiteCollectionDocuments/Lobby/ACTIVITY%20REPORTS/2019-3/KIM%20HAROLD%202019-3.pdf
KIMES ROBERT,2019-3,https://ethics.wv.gov/SiteCollectionDocuments/Lobby/ACTIVITY%20REPORTS/2019-3/KIMES%20ROBERT%202019-3.pdf
KINNEBERG RAYMONA,2019-3,https://ethics.wv.gov/SiteCollectionDocuments/Lobby/ACTIVITY%20REPORTS/2019-3/KINNEBERG%20RAYMONA%202019-3.pdf
KIRKNER ANDREW,2019-3,https://ethics.wv.gov/SiteCollectionDocuments/Lobby/ACTIVITY%20REPORTS/2019-3/KIRKNER%20ANDREW%202019-3.pdf
KISS ROBERT,2019-3,https://ethics.wv.gov/SiteCollectionDocuments/Lobby/ACTIVITY%20REPORTS/2019-3/KISS%20ROBERT%202019-3.pdf
KOMINAR STEVE,2019-3,https://ethics.wv.gov/SiteCollectionDocuments/Lobby/ACTIVITY%20REPORTS/2019-3/KOMINAR%20STEVE%202019-3.pdf
KRUG KIRSTEN,2019-3,https://ethics.wv.gov/SiteCollectionDocuments/Lobby/ACTIVITY%20REPORTS/2019-3/KRUG%20KIRSTEN%202019-3.pdf
DRUG KIRSTEN,2020-1,https://ethics.wv.gov/SiteCollectionDocuments/Lobby/ACTIVITY%20REPORTS/2020-1/DRUG%20KIRSTEN%202020-1.pdf
LAMBERT BRIDGET,2019-3,https://ethics.wv.gov/SiteCollectionDocuments/Lobby/ACTIVITY%20REPORTS/2019-3/LAMBERT%20BRIDGET%202019-3.pdf
LANE JEFFREY,2019-3,https://ethics.wv.gov/SiteCollectionDocuments/Lobby/ACTIVITY%20REPORTS/2019-3/LANE%20JEFFREY%202019-3.pdf
LANSDALE SHARON,2019-3,https://ethics.wv.gov/SiteCollectionDocuments/Lobby/ACTIVITY%20REPORTS/2019-3/LANSDALE%20SHARON%202019-3.pdf
LASURE LUTHER,2019-3,https://ethics.wv.gov/SiteCollectionDocuments/Lobby/ACTIVITY%20REPORTS/2019-3/LASURE%20LUTHER%202019-3.pdf
LASURE LUTHER,2020-1,https://ethics.wv.gov/SiteCollectionDocuments/Lobby/ACTIVITY%20REPORTS/2020-1/LASURE%20LUTHER%202020-1.pdf
LAVRIHA KATHRYN,2019-3,https://ethics.wv.gov/SiteCollectionDocuments/Lobby/ACTIVITY%20REPORTS/2019-3/LAVRIHA%20KATHRYN%202019-3.pdf
LEE DALE,2019-3,https://ethics.wv.gov/SiteCollectionDocuments/Lobby/ACTIVITY%20REPORTS/2019-3/LEE%20DALE%202019-3.pdf
LEIGHTON JOSEPH,2019-3,https://ethics.wv.gov/SiteCollectionDocuments/Lobby/ACTIVITY%20REPORTS/2019-3/LEIGHTON%20JOSEPH%202019-3.pdf
LETNAUNCHYN JOE,2019-3,https://ethics.wv.gov/SiteCollectionDocuments/Lobby/ACTIVITY%20REPORTS/2019-3/LETNAUNCHYN%20JOE%202019-3.pdf
LIEBEL SUSAN,2019-3,https://ethics.wv.gov/SiteCollectionDocuments/Lobby/ACTIVITY%20REPORTS/2019-3/LIEBEL%20SUSAN%202019-3.pdf
LOZANO JACQUELINE,2019-3,https://ethics.wv.gov/SiteCollectionDocuments/Lobby/ACTIVITY%20REPORTS/2019-3/LOZANO%20JACQUELINE%202019-3.pdf
LUCAS CONRAD,2019-3,https://ethics.wv.gov/SiteCollectionDocuments/Lobby/ACTIVITY%20REPORTS/2019-3/LUCAS%20CONRAD%202019-3.pdf
MACIA ALEX,2019-3,https://ethics.wv.gov/SiteCollectionDocuments/Lobby/ACTIVITY%20REPORTS/2019-3/MACIA%20ALEX%202019-3.pdf
MALLORY JAMIE,2019-3,https://ethics.wv.gov/SiteCollectionDocuments/Lobby/ACTIVITY%20REPORTS/2019-3/MALLORY%20JAMIE%202019-3.pdf
MALLORY KRIS,2019-3,https://ethics.wv.gov/SiteCollectionDocuments/Lobby/ACTIVITY%20REPORTS/2019-3/MALLORY%20KRIS%202019-3.pdf
MANNION BRENDAN,2020-1,https://ethics.wv.gov/SiteCollectionDocuments/Lobby/ACTIVITY%20REPORTS/2020-1/MANNION%20BRENDAN%202020-1.pdf
MARCUS RANDOLPH,2019-3,https://ethics.wv.gov/SiteCollectionDocuments/Lobby/ACTIVITY%20REPORTS/2019-3/MARCUS%20RANDOLPH%202019-3.pdf
MARION L GRAY,2019-3,https://ethics.wv.gov/SiteCollectionDocuments/Lobby/ACTIVITY%20REPORTS/2019-3/MARION%20L%20GRAY%202019-3.pdf
MARKHAM PETER,2019-3,https://ethics.wv.gov/SiteCollectionDocuments/Lobby/ACTIVITY%20REPORTS/2019-3/MARKHAM%20PETER%202019-3.pdf
MARR CHRIS,2019-3,https://ethics.wv.gov/SiteCollectionDocuments/Lobby/ACTIVITY%20REPORTS/2019-3/MARR%20CHRIS%202019-3.pdf
MARTIN BRUCE,2019-3,https://ethics.wv.gov/SiteCollectionDocuments/Lobby/ACTIVITY%20REPORTS/2019-3/MARTIN%20BRUCE%202019-3.pdf
MARTIN GRANT,2019-3,https://ethics.wv.gov/SiteCollectionDocuments/Lobby/ACTIVITY%20REPORTS/2019-3/MARTIN%20GRANT%202019-3.pdf
MARTIN KATHY,2019-3,https://ethics.wv.gov/SiteCollectionDocuments/Lobby/ACTIVITY%20REPORTS/2019-3/MARTIN%20KATHY%202019-3.pdf
MARTIN LAURA,2019-3,https://ethics.wv.gov/SiteCollectionDocuments/Lobby/ACTIVITY%20REPORTS/2019-3/MARTIN%20LAURA%202019-3.pdf
MASON HALLIE,2019-3,https://ethics.wv.gov/SiteCollectionDocuments/Lobby/ACTIVITY%20REPORTS/2019-3/MASON%20HALLIE%202019-3.pdf
MASTERS IAN,2019-3,https://ethics.wv.gov/SiteCollectionDocuments/Lobby/ACTIVITY%20REPORTS/2019-3/MASTERS%20IAN%202019-3.pdf
MATKOVICH MARK,2019-3,https://ethics.wv.gov/SiteCollectionDocuments/Lobby/ACTIVITY%20REPORTS/2019-3/MATKOVICH%20MARK%202019-3.pdf
MCCOMAS MATTHEW,2019-3,https://ethics.wv.gov/SiteCollectionDocuments/Lobby/ACTIVITY%20REPORTS/2019-3/MCCOMAS%20MATTHEW%202019-3.pdf
MCCUNE PATRICK,2019-3,https://ethics.wv.gov/SiteCollectionDocuments/Lobby/ACTIVITY%20REPORTS/2019-3/MCCUNE%20PATRICK%202019-3.pdf
MCCUTCHAN ROBERT,2019-3,https://ethics.wv.gov/SiteCollectionDocuments/Lobby/ACTIVITY%20REPORTS/2019-3/MCCUTCHAN%20ROBERT%202019-3.pdf
MCCUTCHAN ROBERT L,2020-1,https://ethics.wv.gov/SiteCollectionDocuments/Lobby/ACTIVITY%20REPORTS/2020-1/MCCUTCHAN%20ROBERT%20L%202020-1.pdf
MCDONALD JENNIFER,2019-3,https://ethics.wv.gov/SiteCollectionDocuments/Lobby/ACTIVITY%20REPORTS/2019-3/MCDONALD%20JENNIFER%202019-3.pdf
MCENDREE GLENN,2019-3,https://ethics.wv.gov/SiteCollectionDocuments/Lobby/ACTIVITY%20REPORTS/2019-3/MCENDREE%20GLENN%202019-3.pdf
MCGOWAN SEAN,2019-3,https://ethics.wv.gov/SiteCollectionDocuments/Lobby/ACTIVITY%20REPORTS/2019-3/MCGOWAN%20SEAN%202019-3.pdf
MCGRATH LEE,2019-3,https://ethics.wv.gov/SiteCollectionDocuments/Lobby/ACTIVITY%20REPORTS/2019-3/MCGRATH%20LEE%202019-3.pdf
MCMAHON DAVID,2019-3,https://ethics.wv.gov/SiteCollectionDocuments/Lobby/ACTIVITY%20REPORTS/2019-3/MCMAHON%20DAVID%202019-3.pdf
MCPHAIL REBECCA,2019-3,https://ethics.wv.gov/SiteCollectionDocuments/Lobby/ACTIVITY%20REPORTS/2019-3/MCPHAIL%20REBECCA%202019-3.pdf
MCPHAIL REBECCA,2020-1,https://ethics.wv.gov/SiteCollectionDocuments/Lobby/ACTIVITY%20REPORTS/2020-1/MCPHAIL%20REBECCA%202020-1.pdf
MECKLER MARK,2019-3,https://ethics.wv.gov/SiteCollectionDocuments/Lobby/ACTIVITY%20REPORTS/2019-3/MECKLER%20MARK%202019-3.pdf
MERRELL BRYAN,2019-3,https://ethics.wv.gov/SiteCollectionDocuments/Lobby/ACTIVITY%20REPORTS/2019-3/MERRELL%20BRYAN%202019-3.pdf
MILLER GAYLENE,2019-3,https://ethics.wv.gov/SiteCollectionDocuments/Lobby/ACTIVITY%20REPORTS/2019-3/MILLER%20GAYLENE%202019-3.pdf
MINARDI SAMUEL,2019-3,https://ethics.wv.gov/SiteCollectionDocuments/Lobby/ACTIVITY%20REPORTS/2019-3/MINARDI%20SAMUEL%202019-3.pdf
MINARDI SAMUEL,2020-1,https://ethics.wv.gov/SiteCollectionDocuments/Lobby/ACTIVITY%20REPORTS/2020-1/MINARDI%20SAMUEL%202020-1.pdf
MITCHELL CHRISTINE,2019-3,https://ethics.wv.gov/SiteCollectionDocuments/Lobby/ACTIVITY%20REPORTS/2019-3/MITCHELL%20CHRISTINE%202019-3.pdf
MITCHELL MARTHA C,2020-1,https://ethics.wv.gov/SiteCollectionDocuments/Lobby/ACTIVITY%20REPORTS/2020-1/MITCHELL%20MARTHA%20C%202020-1.pdf
MOORE ANGEL,2019-3,https://ethics.wv.gov/SiteCollectionDocuments/Lobby/ACTIVITY%20REPORTS/2019-3/MOORE%20ANGEL%202019-3.pdf
MOORE RYANN,2019-3,https://ethics.wv.gov/SiteCollectionDocuments/Lobby/ACTIVITY%20REPORTS/2019-3/MOORE%20RYANN%202019-3.pdf
MORRIS CHRIS,2019-3,https://ethics.wv.gov/SiteCollectionDocuments/Lobby/ACTIVITY%20REPORTS/2019-3/MORRIS%20CHRIS%202019-3.pdf
MORRIS NATHAN,2019-3,https://ethics.wv.gov/SiteCollectionDocuments/Lobby/ACTIVITY%20REPORTS/2019-3/MORRIS%20NATHAN%202019-3.pdf
MULLENS HOWARD,2019-3,https://ethics.wv.gov/SiteCollectionDocuments/Lobby/ACTIVITY%20REPORTS/2019-3/MULLENS%20HOWARD%202019-3.pdf
MULLINS ASHLEY,2019-3,https://ethics.wv.gov/SiteCollectionDocuments/Lobby/ACTIVITY%20REPORTS/2019-3/MULLINS%20ASHLEY%202019-3.pdf
MULLINS KELLY,2019-3,https://ethics.wv.gov/SiteCollectionDocuments/Lobby/ACTIVITY%20REPORTS/2019-3/MULLINS%20KELLY%202019-3.pdf
NARTOWICZ NIKOLAS,2019-3,https://ethics.wv.gov/SiteCollectionDocuments/Lobby/ACTIVITY%20REPORTS/2019-3/NARTOWICZ%20NIKOLAS%202019-3.pdf
NELSON TRACI,2019-3,https://ethics.wv.gov/SiteCollectionDocuments/Lobby/ACTIVITY%20REPORTS/2019-3/NELSON%20TRACI%202019-3.pdf
OCULL HOWARD,2019-3,https://ethics.wv.gov/SiteCollectionDocuments/Lobby/ACTIVITY%20REPORTS/2019-3/OCULL%20HOWARD%202019-3.pdf
ODELL IRVIN D,2019-3,https://ethics.wv.gov/SiteCollectionDocuments/Lobby/ACTIVITY%20REPORTS/2019-3/ODELL%20IRVIN%20D%202019-3.pdf
ODONNELL BRIAN,2019-3,https://ethics.wv.gov/SiteCollectionDocuments/Lobby/ACTIVITY%20REPORTS/2019-3/ODONNELL%20BRIAN%202019-3.pdf
ONEILL THOMAS,2019-3,https://ethics.wv.gov/SiteCollectionDocuments/Lobby/ACTIVITY%20REPORTS/2019-3/ONEILL%20THOMAS%202019-3.pdf
ORNDORFF ROBERT,2019-3,https://ethics.wv.gov/SiteCollectionDocuments/Lobby/ACTIVITY%20REPORTS/2019-3/ORNDORFF%20ROBERT%202019-3.pdf
PACK LARRY,2019-3,https://ethics.wv.gov/SiteCollectionDocuments/Lobby/ACTIVITY%20REPORTS/2019-3/PACK%20LARRY%202019-3.pdf
PAGLIARO MELANIE,2019-3,https://ethics.wv.gov/SiteCollectionDocuments/Lobby/ACTIVITY%20REPORTS/2019-3/PAGLIARO%20MELANIE.pdf
PASSMORE ROBERT,2019-3,https://ethics.wv.gov/SiteCollectionDocuments/Lobby/ACTIVITY%20REPORTS/2019-3/PASSMORE%20ROBERT%202019-3.pdf
PATTERSON GEORGE,2019-3,https://ethics.wv.gov/SiteCollectionDocuments/Lobby/ACTIVITY%20REPORTS/2019-3/PATTERSON%20GEORGE%202019-3.pdf
PEPPER EMMETT,2019-3,https://ethics.wv.gov/SiteCollectionDocuments/Lobby/ACTIVITY%20REPORTS/2019-3/PEPPER%20EMMETT%202019-3.pdf
PERDUE STEPHEN,2019-3,https://ethics.wv.gov/SiteCollectionDocuments/Lobby/ACTIVITY%20REPORTS/2019-3/PERDUE%20STEPHEN%202019-3.pdf
PERRY AMBER,2019-3,https://ethics.wv.gov/SiteCollectionDocuments/Lobby/ACTIVITY%20REPORTS/2019-3/PERRY%20AMBER%202019-3.pdf
PHARES SHANA KAY,2019-3,https://ethics.wv.gov/SiteCollectionDocuments/Lobby/ACTIVITY%20REPORTS/2019-3/PHARES%20SHANA%20KAY%202019-3.pdf
PEIRCY JENNIFER,2019-3,https://ethics.wv.gov/SiteCollectionDocuments/Lobby/ACTIVITY%20REPORTS/2019-3/PEIRCY%20JENNIFER%202019-3.pdf
PIZATELLA JASON,2019-3,https://ethics.wv.gov/SiteCollectionDocuments/Lobby/ACTIVITY%20REPORTS/2019-3/PIZATELLA%20JASON%202019-3.pdf
PIZZOFERRATO STEPHANIE,2019-3,https://ethics.wv.gov/SiteCollectionDocuments/Lobby/ACTIVITY%20REPORTS/2019-3/PIZZOFERRATO%20STEPHANIE%202019-3.pdf
POLEN MARK,2019-3,https://ethics.wv.gov/SiteCollectionDocuments/Lobby/ACTIVITY%20REPORTS/2019-3/POLEN%20MARK%202019-3.pdf
POMPONIO MARGARET,2019-3,https://ethics.wv.gov/SiteCollectionDocuments/Lobby/ACTIVITY%20REPORTS/2019-3/POMPONIO%20MARGARET%202019-3.pdf
POSEY BRIAN,2019-3,https://ethics.wv.gov/SiteCollectionDocuments/Lobby/ACTIVITY%20REPORTS/2019-3/POSEY%20BRIAN%202019-3.pdf
PRICE KAREN,2019-3,https://ethics.wv.gov/SiteCollectionDocuments/Lobby/ACTIVITY%20REPORTS/2019-3/PRICE%20KAREN%202019-3.pdf
PRIM MARY,2019-3,https://ethics.wv.gov/SiteCollectionDocuments/Lobby/ACTIVITY%20REPORTS/2019-3/PRIM%20MARY%202019-3.pdf
PRITT ALAN,2019-3,https://ethics.wv.gov/SiteCollectionDocuments/Lobby/ACTIVITY%20REPORTS/2019-3/PRITT%20ALAN%202019-3.pdf
PROCTOR JUDY,2019-3,https://ethics.wv.gov/SiteCollectionDocuments/Lobby/ACTIVITY%20REPORTS/2019-3/PROCTOR%20JUDY%202019-3.pdf
PUCCIO LARRY,2019-3,https://ethics.wv.gov/SiteCollectionDocuments/Lobby/ACTIVITY%20REPORTS/2019-3/PUCCIO%20LARRY%202019-3.pdf
QUEEN ROBBY,2019-3,https://ethics.wv.gov/SiteCollectionDocuments/Lobby/ACTIVITY%20REPORTS/2019-3/QUEEN%20ROBBY%202019-3.pdf
RAINEY JOHN S,2019-3,https://ethics.wv.gov/SiteCollectionDocuments/Lobby/ACTIVITY%20REPORTS/2019-3/RAINEY%20JOHN%20S%202019-3.pdf
RANDOLPH KYM,2019-3,https://ethics.wv.gov/SiteCollectionDocuments/Lobby/ACTIVITY%20REPORTS/2019-3/RANDOLPH%20KYM%202019-3.pdf
RANEY BILL,2019-3,https://ethics.wv.gov/SiteCollectionDocuments/Lobby/ACTIVITY%20REPORTS/2019-3/RANEY%20BILL%202019-3.pdf
REALE ABBY,2019-3,https://ethics.wv.gov/SiteCollectionDocuments/Lobby/ACTIVITY%20REPORTS/2019-3/REALE%20ABBY%202019-3.pdf
REALE JR PHILIP,2019-3,https://ethics.wv.gov/SiteCollectionDocuments/Lobby/ACTIVITY%20REPORTS/2019-3/REALE%20JR%20PHILIP%202019-3.pdf
REALE PHIL,2019-3,https://ethics.wv.gov/SiteCollectionDocuments/Lobby/ACTIVITY%20REPORTS/2019-3/REALE%20PHIL%202019-3.pdf
REDMOND SEAN,2019-3,https://ethics.wv.gov/SiteCollectionDocuments/Lobby/ACTIVITY%20REPORTS/2019-3/REDMOND%20SEAN%202019-3.pdf
RICE JILL,2019-3,https://ethics.wv.gov/SiteCollectionDocuments/Lobby/ACTIVITY%20REPORTS/2019-3/RICE%20JILL%202019-3.pdf
RICHARDSON ANDREW,2019-3,https://ethics.wv.gov/SiteCollectionDocuments/Lobby/ACTIVITY%20REPORTS/2019-3/RICHARDSON%20ANDREW%202019-3.pdf
RICHMOND JENNIFER,2020-1,https://ethics.wv.gov/SiteCollectionDocuments/Lobby/ACTIVITY%20REPORTS/2020-1/RICHMOND%20JENNIFER%202020-1.pdf
ROBERTS STEVE,2019-3,https://ethics.wv.gov/SiteCollectionDocuments/Lobby/ACTIVITY%20REPORTS/2019-3/ROBERTS%20STEVE%202019-3.pdf
ROBINSON CHAD,2019-3,https://ethics.wv.gov/SiteCollectionDocuments/Lobby/ACTIVITY%20REPORTS/2019-3/ROBINSON%20CHAD%202019-3.pdf
ROPER NATALIE,2019-3,https://ethics.wv.gov/SiteCollectionDocuments/Lobby/ACTIVITY%20REPORTS/2019-3/ROPER%20NATALIE%202019-3.pdf
ROSE HAMPTON,2019-3,https://ethics.wv.gov/SiteCollectionDocuments/Lobby/ACTIVITY%20REPORTS/2019-3/ROSE%20HAMPTON%202019-3.pdf
ROSE HERSCHEL,2019-3,https://ethics.wv.gov/SiteCollectionDocuments/Lobby/ACTIVITY%20REPORTS/2019-3/ROSE%20HERSCHEL%202019-3.pdf
ROSEN BRIAN,2019-3,https://ethics.wv.gov/SiteCollectionDocuments/Lobby/ACTIVITY%20REPORTS/2019-3/ROSEN%20BRIAN%202019-3.pdf
ROSKOVENSKY MEGAN,2019-3,https://ethics.wv.gov/SiteCollectionDocuments/Lobby/ACTIVITY%20REPORTS/2019-3/ROSKOVENSKY%20MEGAN%202019-3.pdf
ROSSER ANGIE,2019-3,https://ethics.wv.gov/SiteCollectionDocuments/Lobby/ACTIVITY%20REPORTS/2019-3/ROSSER%20ANGIE%202019-3.pdf
ROTELLINI MICHELLE,2019-3,https://ethics.wv.gov/SiteCollectionDocuments/Lobby/ACTIVITY%20REPORTS/2019-3/ROTELLINI%20MICHELLE.pdf
ROTRUCK FRANK SCOTT,2019-3,https://ethics.wv.gov/SiteCollectionDocuments/Lobby/ACTIVITY%20REPORTS/2019-3/ROTRUCK%20FRANK%20SCOTT%202019-3.pdf
RUCKLE STACEY,2019-3,https://ethics.wv.gov/SiteCollectionDocuments/Lobby/ACTIVITY%20REPORTS/2019-3/RUCKLE%20STACEY%202019-3.pdf
SACHS DANIEL,2019-3,https://ethics.wv.gov/SiteCollectionDocuments/Lobby/ACTIVITY%20REPORTS/2019-3/SACHS%20DANIEL%202019-3.pdf
SAUNDERS MARGOT,2020-1,https://ethics.wv.gov/SiteCollectionDocuments/Lobby/ACTIVITY%20REPORTS/2020-1/SAUNDERS%20MARGOT%202020-1.pdf
SCALISE DANNY,2019-3,https://ethics.wv.gov/SiteCollectionDocuments/Lobby/ACTIVITY%20REPORTS/2019-3/SCALISE%20DANNY%202019-3.pdf
SCARLETT SARA,2019-3,https://ethics.wv.gov/SiteCollectionDocuments/Lobby/ACTIVITY%20REPORTS/2019-3/SCARLETT%20SARA%202019-3.pdf
SCHAFFER RICHARD,2019-3,https://ethics.wv.gov/SiteCollectionDocuments/Lobby/ACTIVITY%20REPORTS/2019-3/SCHAFFER%20RICHARD%202019-3.pdf
SCHNEIDER ANDREW,2019-3,https://ethics.wv.gov/SiteCollectionDocuments/Lobby/ACTIVITY%20REPORTS/2019-3/SCHNEIDER%20ANDREW%202019-3.pdf
SCHULTZ EMILY,2019-3,https://ethics.wv.gov/SiteCollectionDocuments/Lobby/ACTIVITY%20REPORTS/2019-3/SCHULTZ%20EMILY%202019-3.pdf
SCHULTZ EMILY,2020-1,https://ethics.wv.gov/SiteCollectionDocuments/Lobby/ACTIVITY%20REPORTS/2020-1/SCHULTZ%20EMILY%202020-1.pdf
SELLARDS ROBERT,2019-3,https://ethics.wv.gov/SiteCollectionDocuments/Lobby/ACTIVITY%20REPORTS/2019-3/SELLARDS%20ROBERT%202019-3.pdf
SEVERONI ANTHONY,2019-3,https://ethics.wv.gov/SiteCollectionDocuments/Lobby/ACTIVITY%20REPORTS/2019-3/SEVERONI%20ANTHONY%202019-3.pdf
SHEPHERD LIDA,2019-3,https://ethics.wv.gov/SiteCollectionDocuments/Lobby/ACTIVITY%20REPORTS/2019-3/SHEPHERD%20LIDA%202019-3.pdf
SHIMER PHILIP,2019-3,https://ethics.wv.gov/SiteCollectionDocuments/Lobby/ACTIVITY%20REPORTS/2019-3/SHIMER%20PHILIP%202019-3.pdf
SIMON MATT,2019-3,https://ethics.wv.gov/SiteCollectionDocuments/Lobby/ACTIVITY%20REPORTS/2019-3/SIMON%20MATT%202019-3.pdf
SKEEN REGINA,2019-3,https://ethics.wv.gov/SiteCollectionDocuments/Lobby/ACTIVITY%20REPORTS/2019-3/SKEEN%20REGINA%202019-3.pdf
SKELO LANA,2019-3,https://ethics.wv.gov/SiteCollectionDocuments/Lobby/ACTIVITY%20REPORTS/2019-3/SKELO%20LANA%202019-3.pdf
SMITH DON,2019-3,https://ethics.wv.gov/SiteCollectionDocuments/Lobby/ACTIVITY%20REPORTS/2019-3/SMITH%20DON%202019-3.pdf
SMITH ERICA,2019-3,https://ethics.wv.gov/SiteCollectionDocuments/Lobby/ACTIVITY%20REPORTS/2019-3/SMITH%20ERICA%202019-3.pdf
SMITH SARAH,2019-3,https://ethics.wv.gov/SiteCollectionDocuments/Lobby/ACTIVITY%20REPORTS/2019-3/SMITH%20SARAH%202019-3.pdf
SOUTHWORTH LOUIS,2019-3,https://ethics.wv.gov/SiteCollectionDocuments/Lobby/ACTIVITY%20REPORTS/2019-3/SOUTHWORTH%20LOUIS%202019-3.pdf
SPADE NATHAN,2019-3,https://ethics.wv.gov/SiteCollectionDocuments/Lobby/ACTIVITY%20REPORTS/2019-3/SPADE%20NATHAN%202019-3.pdf
SPENCER GLENN,2019-3,https://ethics.wv.gov/SiteCollectionDocuments/Lobby/ACTIVITY%20REPORTS/2019-3/SPENCER%20GLENN%202019-3.pdf
STARCHER CODY,2019-3,https://ethics.wv.gov/SiteCollectionDocuments/Lobby/ACTIVITY%20REPORTS/2019-3/STARCHER%20CODY%202019-3.pdf
STEINBERG BEN,2020-1,https://ethics.wv.gov/SiteCollectionDocuments/Lobby/ACTIVITY%20REPORTS/2020-1/STEINBERG%20BEN%202020-1.pdf
STEVENS JEFF,2019-3,https://ethics.wv.gov/SiteCollectionDocuments/Lobby/ACTIVITY%20REPORTS/2019-3/STEVENS%20JEFF%202019-3.pdf
STEVENS RICHARD,2019-3,https://ethics.wv.gov/SiteCollectionDocuments/Lobby/ACTIVITY%20REPORTS/2019-3/STEVENS%20RICHARD%202019-3.pdf
STEWART STEVEN,2019-3,https://ethics.wv.gov/SiteCollectionDocuments/Lobby/ACTIVITY%20REPORTS/2019-3/STEWART%20STEVEN%202019-3.pdf
STEWART STEVEN,2020-1,https://ethics.wv.gov/SiteCollectionDocuments/Lobby/ACTIVITY%20REPORTS/2020-1/STEWART%20STEVEN%202020-1.pdf
STEVENS THOM,2019-3,https://ethics.wv.gov/SiteCollectionDocuments/Lobby/ACTIVITY%20REPORTS/2019-3/STEVENS%20THOM%202019-3.pdf
STUMP CYNTHIA,2020-1,https://ethics.wv.gov/SiteCollectionDocuments/Lobby/ACTIVITY%20REPORTS/2020-1/STUMP%20CYNTHIA%202020-1.pdf
SULLIVAN BENJAMIN,2019-3,https://ethics.wv.gov/SiteCollectionDocuments/Lobby/ACTIVITY%20REPORTS/2019-3/SULLIVAN%20BENJAMIN%202019-3.pdf
SULLIVAN BENJAMIN,2020-1,https://ethics.wv.gov/SiteCollectionDocuments/Lobby/ACTIVITY%20REPORTS/2020-1/SULLIVAN%20BENJAMIN%202020-1.pdf
SUSMAN THOMAS,2019-3,https://ethics.wv.gov/SiteCollectionDocuments/Lobby/ACTIVITY%20REPORTS/2019-3/SUSMAN%20THOMAS%202019-3.pdf
SWANN AMY,2019-3,https://ethics.wv.gov/SiteCollectionDocuments/Lobby/ACTIVITY%20REPORTS/2019-3/SWANN%20AMY%202019-3.pdf
SWANN AMY,2020-1,https://ethics.wv.gov/SiteCollectionDocuments/Lobby/ACTIVITY%20REPORTS/2020-1/SWANN%20AMY%202020-1.pdf
SWANN LARRY,2019-3,https://ethics.wv.gov/SiteCollectionDocuments/Lobby/ACTIVITY%20REPORTS/2019-3/SWANN%20LARRY%202019-3.pdf
SWANN WILLIAM,2019-3,https://ethics.wv.gov/SiteCollectionDocuments/Lobby/ACTIVITY%20REPORTS/2019-3/SWANN%20WILLIAM%202019-3.pdf
SWORD JOSHUA,2019-3,https://ethics.wv.gov/SiteCollectionDocuments/Lobby/ACTIVITY%20REPORTS/2019-3/SWORD%20JOSHUA%202019-3.pdf
TALKINGTON SHERRI,2019-3,https://ethics.wv.gov/SiteCollectionDocuments/Lobby/ACTIVITY%20REPORTS/2019-3/TALKINGTON%20SHERRI%202019-3.pdf
TANNER DONNA,2019-3,https://ethics.wv.gov/SiteCollectionDocuments/Lobby/ACTIVITY%20REPORTS/2019-3/TANNER%20DONNA%202019-3.pdf
TERRY ERNEST,2019-3,https://ethics.wv.gov/SiteCollectionDocuments/Lobby/ACTIVITY%20REPORTS/2019-3/TERRY%20ERNEST%202019-3.pdf
TERRY ERNEST SPUD,2020-1,https://ethics.wv.gov/SiteCollectionDocuments/Lobby/ACTIVITY%20REPORTS/2020-1/TERRY%20ERNEST%20SPUD%202020-1.pdf
TERRY JULIET,2019-3,https://ethics.wv.gov/SiteCollectionDocuments/Lobby/ACTIVITY%20REPORTS/2019-3/TERRY%20JULIET%202019-3.pdf
THOMAS GREG,2019-3,https://ethics.wv.gov/SiteCollectionDocuments/Lobby/ACTIVITY%20REPORTS/2019-3/THOMAS%20GREG%202019-3.pdf
THOMM ARTHUR,2019-3,https://ethics.wv.gov/SiteCollectionDocuments/Lobby/ACTIVITY%20REPORTS/2019-3/THOMM%20ARTHUR%202019-3.pdf
TROYAN JESSI,2019-3,https://ethics.wv.gov/SiteCollectionDocuments/Lobby/ACTIVITY%20REPORTS/2019-3/TROYAN%20JESSI%202019-3.pdf
TURNER WENDEL,2019-3,https://ethics.wv.gov/SiteCollectionDocuments/Lobby/ACTIVITY%20REPORTS/2019-3/TURNER%20WENDEL%202019-3.pdf
TWIGGS JACQUELINE,2019-3,https://ethics.wv.gov/SiteCollectionDocuments/Lobby/ACTIVITY%20REPORTS/2019-3/TWIGGS%20JACQUELINE%202019-3.pdf
VANCE ANGELA,2019-3,https://ethics.wv.gov/SiteCollectionDocuments/Lobby/ACTIVITY%20REPORTS/2019-3/VANCE%20ANGELA%202019-3.pdf
WAFFORD JEFF,2019-3,https://ethics.wv.gov/SiteCollectionDocuments/Lobby/ACTIVITY%20REPORTS/2019-3/WAFFORD%20JEFF%202019-3.pdf
WAGNER KATHERINE,2019-3,https://ethics.wv.gov/SiteCollectionDocuments/Lobby/ACTIVITY%20REPORTS/2019-3/WAGNER%20KATHERINE%202019-3.pdf
WALKER MATTHEW,2019-3,https://ethics.wv.gov/SiteCollectionDocuments/Lobby/ACTIVITY%20REPORTS/2019-3/WALKER%20MATTHEW%202019-3.pdf
WALTERS ANDY,2019-3,https://ethics.wv.gov/SiteCollectionDocuments/Lobby/ACTIVITY%20REPORTS/2019-3/WALTERS%20ANDY%202019-3.pdf
WALTERS JR RON,2019-3,https://ethics.wv.gov/SiteCollectionDocuments/Lobby/ACTIVITY%20REPORTS/2019-3/WALTERS%20JR%20RON%202019-3.pdf
WALTERS SR RONALD,2019-3,https://ethics.wv.gov/SiteCollectionDocuments/Lobby/ACTIVITY%20REPORTS/2019-3/WALTERS%20SR%20RONALD%202019-3.pdf
WALTZ DANIELLE,2019-3,https://ethics.wv.gov/SiteCollectionDocuments/Lobby/ACTIVITY%20REPORTS/2019-3/WALTZ%20DANIELLE%202019-3.pdf
WARD JOSEPH,2019-3,https://ethics.wv.gov/SiteCollectionDocuments/Lobby/ACTIVITY%20REPORTS/2019-3/WARD%20JOSEPH%202019-3.pdf
WARDEN JULIE,2019-3,https://ethics.wv.gov/SiteCollectionDocuments/Lobby/ACTIVITY%20REPORTS/2019-3/WARDEN%20JULIE%202019-3.pdf
WARDEN JULIE,2020-1,https://ethics.wv.gov/SiteCollectionDocuments/Lobby/ACTIVITY%20REPORTS/2020-1/WARDEN%20JULIE%202020-1.pdf
DENNIS WATSON,2019-3,https://ethics.wv.gov/SiteCollectionDocuments/Lobby/ACTIVITY%20REPORTS/2019-3/DENNIS%20WATSON%202019-3.pdf
WATTS KENNETH,2019-3,https://ethics.wv.gov/SiteCollectionDocuments/Lobby/ACTIVITY%20REPORTS/2019-3/WATTS%20KENNETH%202019-3.pdf
WAZELLE JASON,2019-3,https://ethics.wv.gov/SiteCollectionDocuments/Lobby/ACTIVITY%20REPORTS/2019-3/WAZELLE%20JASON%202019-3.pdf
WEBB JASON,2019-3,https://ethics.wv.gov/SiteCollectionDocuments/Lobby/ACTIVITY%20REPORTS/2019-3/WEBB%20JASON%202019-3.pdf
WEBSTER JON,2019-3,https://ethics.wv.gov/SiteCollectionDocuments/Lobby/ACTIVITY%20REPORTS/2019-3/WEBSTER%20JON%202019-3.pdf
WEIKLE CHRIS,2019-3,https://ethics.wv.gov/SiteCollectionDocuments/Lobby/ACTIVITY%20REPORTS/2019-3/WEIKLE%20CHRIS%202019-3.pdf
WELLS MATTHEW,2019-3,https://ethics.wv.gov/SiteCollectionDocuments/Lobby/ACTIVITY%20REPORTS/2019-3/WELLS%20MATTHEW%202019-3.pdf
WELLS MATTHEW,2020-1,https://ethics.wv.gov/SiteCollectionDocuments/Lobby/ACTIVITY%20REPORTS/2020-1/WELLS%20MATTHEW%202020-1.pdf
WESSELS ANDREW,2019-3,https://ethics.wv.gov/SiteCollectionDocuments/Lobby/ACTIVITY%20REPORTS/2019-3/WESSELS%20ANDREW%202019-3.pdf
WHALEN JASON,2019-3,https://ethics.wv.gov/SiteCollectionDocuments/Lobby/ACTIVITY%20REPORTS/2019-3/WHALEN%20JASON%202019-3.pdf
WHALEN JASON,2020-1,https://ethics.wv.gov/SiteCollectionDocuments/Lobby/ACTIVITY%20REPORTS/2020-1/WHALEN%20JASON%202020-1.pdf
WHITE BETH,2019-3,https://ethics.wv.gov/SiteCollectionDocuments/Lobby/ACTIVITY%20REPORTS/2019-3/WHITE%20BETH%202019-3.pdf
WHITE GIL,2019-3,https://ethics.wv.gov/SiteCollectionDocuments/Lobby/ACTIVITY%20REPORTS/2019-3/WHITE%20GIL%202019-3.pdf
WHITE JAMES JOE,2019-3,https://ethics.wv.gov/SiteCollectionDocuments/Lobby/ACTIVITY%20REPORTS/2019-3/WHITE%20JAMES%20JOE%202019-3.pdf
WHITE S RYAN,2019-3,https://ethics.wv.gov/SiteCollectionDocuments/Lobby/ACTIVITY%20REPORTS/2019-3/WHITE%20S%20RYAN%202019-3.pdf
WHITE STEVE,2019-3,https://ethics.wv.gov/SiteCollectionDocuments/Lobby/ACTIVITY%20REPORTS/2019-3/WHITE%20STEVE%202019-3.pdf
WHITE STEVEN F,2019-3,https://ethics.wv.gov/SiteCollectionDocuments/Lobby/ACTIVITY%20REPORTS/2019-3/WHITE%20STEVEN%20F%202019-3.pdf
WILFONG CHARLES,2019-3,https://ethics.wv.gov/SiteCollectionDocuments/Lobby/ACTIVITY%20REPORTS/2019-3/WILFONG%20CHARLES%202019-3.pdf
WILLIAMS BENJAMIN,2019-3,https://ethics.wv.gov/SiteCollectionDocuments/Lobby/ACTIVITY%20REPORTS/2019-3/WILLIAMS%20BENJAMIN%202019-3.pdf
WILLIAMS JUSTIN,2019-3,https://ethics.wv.gov/SiteCollectionDocuments/Lobby/ACTIVITY%20REPORTS/2019-3/WILLIAMS%20JUSTIN%202019-3.pdf
WILLIAMS JUSTIN,2020-1,https://ethics.wv.gov/SiteCollectionDocuments/Lobby/ACTIVITY%20REPORTS/2020-1/WILLIAMS%20JUSTIN%202020-1.pdf
WINTZ-ADAMS JESSICA,2019-3,https://ethics.wv.gov/SiteCollectionDocuments/Lobby/ACTIVITY%20REPORTS/2019-3/WINTZ-ADAMS%20JESSICA%202019-3.pdf
WYRICK JARED,2019-3,https://ethics.wv.gov/SiteCollectionDocuments/Lobby/ACTIVITY%20REPORTS/2019-3/WYRICK%20JARED%202019-3.pdf
YATES MARVIN,2019-3,https://ethics.wv.gov/SiteCollectionDocuments/Lobby/ACTIVITY%20REPORTS/2019-3/YATES%20MARVIN%202019-3.pdf
YAUSSY DAVID,2019-3,https://ethics.wv.gov/SiteCollectionDocuments/Lobby/ACTIVITY%20REPORTS/2019-3/YAUSSY%20DAVID%202019-3.pdf
YOUNG KAYLA,2019-3,https://ethics.wv.gov/SiteCollectionDocuments/Lobby/ACTIVITY%20REPORTS/2019-3/YOUNG%20KAYLA%202019-3.pdf
ZLAJIC SUSAN,2019-3,https://ethics.wv.gov/SiteCollectionDocuments/Lobby/ACTIVITY%20REPORTS/2019-3/ZLAJIC%20SUSAN%202019-3.pdf
ZUCKETT GARY,2019-3,https://ethics.wv.gov/SiteCollectionDocuments/Lobby/ACTIVITY%20REPORTS/2019-3/ZUCKETT%20GARY%202019-3.pdf
ANTONETTE VALERIE,2020-1,https://ethics.wv.gov/SiteCollectionDocuments/Lobby/ACTIVITY%20REPORTS/2020-1/ANTONETTE%20VALERIE%202020-1.pdf
BALLARD MATTHEW,2020-1,https://ethics.wv.gov/SiteCollectionDocuments/Lobby/ACTIVITY%20REPORTS/2020-1/BALLARD%20MATTHEW%202020-1.pdf
BANIG ADAM,2020-1,https://ethics.wv.gov/SiteCollectionDocuments/Lobby/ACTIVITY%20REPORTS/2020-1/BANIG%20ADAM%202020-1.pdf
BIRDSONG MIKE,2020-1,https://ethics.wv.gov/SiteCollectionDocuments/Lobby/ACTIVITY%20REPORTS/2020-1/BIRDSONG%20MIKE%202020-1.pdf
BOETTNER TED,2020-1,https://ethics.wv.gov/SiteCollectionDocuments/Lobby/ACTIVITY%20REPORTS/2020-1/BOETTNER%20TED%202020-1.pdf
BROWN BRYAN,2020-1,https://ethics.wv.gov/SiteCollectionDocuments/Lobby/ACTIVITY%20REPORTS/2020-1/BROWN%20BRYAN%202020-1.pdf
BURD CHARLIE,2020-1,https://ethics.wv.gov/SiteCollectionDocuments/Lobby/ACTIVITY%20REPORTS/2020-1/BURD%20CHARLIE%202020-1.pdf
BUTCHER LOARIE,2020-1,https://ethics.wv.gov/SiteCollectionDocuments/Lobby/ACTIVITY%20REPORTS/2020-1/BUTCHER%20LOARIE%202020-1.pdf
CADLE PATRICK,2020-1,https://ethics.wv.gov/SiteCollectionDocuments/Lobby/ACTIVITY%20REPORTS/2020-1/CADLE%20PATRICK%202020-1.pdf
CANFIELD JOHN,2020-1,https://ethics.wv.gov/SiteCollectionDocuments/Lobby/ACTIVITY%20REPORTS/2020-1/CANFIELD%20JOHN%202020-1.pdf
CRONIN JOHN,2020-1,https://ethics.wv.gov/SiteCollectionDocuments/Lobby/ACTIVITY%20REPORTS/2020-1/CRONIN%20JOHN%202020-1.pdf
DALE STEVEN,2020-1,https://ethics.wv.gov/SiteCollectionDocuments/Lobby/ACTIVITY%20REPORTS/2020-1/DALE%20STEVEN%202020-1.pdf
DENNISON CORY,2020-1,https://ethics.wv.gov/SiteCollectionDocuments/Lobby/ACTIVITY%20REPORTS/2020-1/DENNISON%20CORY%202020-1.pdf
DONNELLY MICHAEL,2020-1,https://ethics.wv.gov/SiteCollectionDocuments/Lobby/ACTIVITY%20REPORTS/2020-1/DONNELLY%20MICHAEL%202020-1.pdf
EGAN NANCY,2020-1,https://ethics.wv.gov/SiteCollectionDocuments/Lobby/ACTIVITY%20REPORTS/2020-1/EGAN%20NANCY%202020-1.pdf
ELLEM JOHN,2020-1,https://ethics.wv.gov/SiteCollectionDocuments/Lobby/ACTIVITY%20REPORTS/2020-1/ELLEM%20JOHN%202020-1.pdf
FINN AMANDA,2020-1,https://ethics.wv.gov/SiteCollectionDocuments/Lobby/ACTIVITY%20REPORTS/2020-1/FINN%20AMANDA%202020-1.pdf
FRANKENBERRY GRETCHEN,2020-1,https://ethics.wv.gov/SiteCollectionDocuments/Lobby/ACTIVITY%20REPORTS/2020-1/FRANKENBERRY%20GRETCHEN%202020-1.pdf
FULKS CAROL,2020-1,https://ethics.wv.gov/SiteCollectionDocuments/Lobby/ACTIVITY%20REPORTS/2020-1/FULKS%20CAROL%202020-1.pdf
GRAY SAMMY,2020-1,https://ethics.wv.gov/SiteCollectionDocuments/Lobby/ACTIVITY%20REPORTS/2020-1/GRAY%20SAMMY%202020-1.pdf
GRAY SAMMY,2020-1,https://ethics.wv.gov/SiteCollectionDocuments/Lobby/ACTIVITY%20REPORTS/2020-1/GRAY%20SAMMY%202020-1.pdf
HANEY DAVID,2020-1,https://ethics.wv.gov/SiteCollectionDocuments/Lobby/ACTIVITY%20REPORTS/2020-1/HANEY%20DAVID%202020-1.pdf
HARRIS ELAINE,2020-1,https://ethics.wv.gov/SiteCollectionDocuments/Lobby/ACTIVITY%20REPORTS/2020-1/HARRIS%20ELAINE%202020-1.pdf
HEYWOOD THOMAS,2020-1,https://ethics.wv.gov/SiteCollectionDocuments/Lobby/ACTIVITY%20REPORTS/2020-1/HEYWOOD%20THOMAS%202020-1.pdf
HOHENWARTER JOHN,2020-1,https://ethics.wv.gov/SiteCollectionDocuments/Lobby/ACTIVITY%20REPORTS/2020-1/HOHENWARTER%20JOHN%202020-1.pdf
HOLZAPFEL WILLIAM,2020-1,https://ethics.wv.gov/SiteCollectionDocuments/Lobby/ACTIVITY%20REPORTS/2020-1/HOLZAPFEL%20WILLIAM%202020-1.pdf
KINNEBERG RAYMONA,2020-1,https://ethics.wv.gov/SiteCollectionDocuments/Lobby/ACTIVITY%20REPORTS/2020-1/KINNEBERG%20RAYMONA%202020-1.pdf
KISS ROBERT,2020-1,https://ethics.wv.gov/SiteCollectionDocuments/Lobby/ACTIVITY%20REPORTS/2020-1/KISS%20ROBERT%202020-1.pdf
LAMPERT JUSTIN,2020-1,https://ethics.wv.gov/SiteCollectionDocuments/Lobby/ACTIVITY%20REPORTS/2020-1/LAMPERT%20JUSTIN%202020-1.pdf
LEE DALE,2020-1,https://ethics.wv.gov/SiteCollectionDocuments/Lobby/ACTIVITY%20REPORTS/2020-1/LEE%20DALE%202020-1.pdf
MALLORY JAMIE,2020-1,https://ethics.wv.gov/SiteCollectionDocuments/Lobby/ACTIVITY%20REPORTS/2020-1/MALLORY%20JAMIE%202020-1.pdf
MARCUS RANDOLPH,2020-1,https://ethics.wv.gov/SiteCollectionDocuments/Lobby/ACTIVITY%20REPORTS/2020-1/MARCUS%20RANDOLPH%202020-1.pdf
MARKHAM PETER,2020-1,https://ethics.wv.gov/SiteCollectionDocuments/Lobby/ACTIVITY%20REPORTS/2020-1/MARKHAM%20PETER%202020-1.pdf
MATKOVICH MARK,2020-1,https://ethics.wv.gov/SiteCollectionDocuments/Lobby/ACTIVITY%20REPORTS/2020-1/MATKOVICH%20MARK%202020-1.pdf
MCENDREE GLENN,2020-1,https://ethics.wv.gov/SiteCollectionDocuments/Lobby/ACTIVITY%20REPORTS/2020-1/MCENDREE%20GLENN%202020-1.pdf
MCMAHON DAVID,2020-1,https://ethics.wv.gov/SiteCollectionDocuments/Lobby/ACTIVITY%20REPORTS/2020-1/MCMAHON%20DAVID%202020-1.pdf
MILLER GAYLENE,2020-1,https://ethics.wv.gov/SiteCollectionDocuments/Lobby/ACTIVITY%20REPORTS/2020-1/MILLER%20GAYLENE%202020-1.pdf
MULLINS KELLY,2020-1,https://ethics.wv.gov/SiteCollectionDocuments/Lobby/ACTIVITY%20REPORTS/2020-1/MULLINS%20KELLY%202020-1.pdf
ODELL IRVIN D,2020-1,https://ethics.wv.gov/SiteCollectionDocuments/Lobby/ACTIVITY%20REPORTS/2020-1/ODELL%20IRVIN%20D%202020-1.pdf
PATTERSON GEORGE,2020-1,https://ethics.wv.gov/SiteCollectionDocuments/Lobby/ACTIVITY%20REPORTS/2020-1/PATTERSON%20GEORGE%202020-1.pdf
POLEN MARK,2020-1,https://ethics.wv.gov/SiteCollectionDocuments/Lobby/ACTIVITY%20REPORTS/2020-1/POLEN%20MARK%202020-1.pdf
POSEY BRIAN,2020-1,https://ethics.wv.gov/SiteCollectionDocuments/Lobby/ACTIVITY%20REPORTS/2020-1/POSEY%20BRIAN%202020-1.pdf
PRICE KAREN,2020-1,https://ethics.wv.gov/SiteCollectionDocuments/Lobby/ACTIVITY%20REPORTS/2020-1/PRICE%20KAREN%202020-1.pdf
PRIM MARY,2020-1,https://ethics.wv.gov/SiteCollectionDocuments/Lobby/ACTIVITY%20REPORTS/2020-1/PRIM%20MARY%202020-1.pdf
RANEY WILLIAM,2020-1,https://ethics.wv.gov/SiteCollectionDocuments/Lobby/ACTIVITY%20REPORTS/2020-1/RANEY%20WILLIAM%202020-1.pdf
ROTRUCK FRANK,2020-1,https://ethics.wv.gov/SiteCollectionDocuments/Lobby/ACTIVITY%20REPORTS/2020-1/ROTRUCK%20FRANK%202020-1.pdf
SCHWARTZ JERRY,2020-1,https://ethics.wv.gov/SiteCollectionDocuments/Lobby/ACTIVITY%20REPORTS/2020-1/SCHWARTZ%20JERRY%202020-1.pdf
SKEEN REGINA,2020-1,https://ethics.wv.gov/SiteCollectionDocuments/Lobby/ACTIVITY%20REPORTS/2020-1/SKEEN%20REGINA%202020-1.pdf
SMITH STEPHANIE,2020-1,https://ethics.wv.gov/SiteCollectionDocuments/Lobby/ACTIVITY%20REPORTS/2020-1/SMITH%20STEPHANIE%202020-1.pdf
STEVENS THOM,2020-1,https://ethics.wv.gov/SiteCollectionDocuments/Lobby/ACTIVITY%20REPORTS/2020-1/STEVENS%20THOM%202020-1.pdf
TALKINGTON SHERRI,2020-1,https://ethics.wv.gov/SiteCollectionDocuments/Lobby/ACTIVITY%20REPORTS/2020-1/TALKINGTON%20SHERRI%202020-1.pdf
VITALE FRANCIS,2020-1,https://ethics.wv.gov/SiteCollectionDocuments/Lobby/ACTIVITY%20REPORTS/2020-1/VITALE%20FRANCIS%202020-1.pdf
WAFFORD JEFF,2020-1,https://ethics.wv.gov/SiteCollectionDocuments/Lobby/ACTIVITY%20REPORTS/2020-1/WAFFORD%20JEFF%202020-1.pdf
WAGNER KATHERINE,2020-1,https://ethics.wv.gov/SiteCollectionDocuments/Lobby/ACTIVITY%20REPORTS/2020-1/WAGNER%20KATHERINE%202020-1.pdf
WHITE BETH,2020-1,https://ethics.wv.gov/SiteCollectionDocuments/Lobby/ACTIVITY%20REPORTS/2020-1/WHITE%20BETH%202020-1.pdf
WHITE STEVE,2020-1,https://ethics.wv.gov/SiteCollectionDocuments/Lobby/ACTIVITY%20REPORTS/2020-1/WHITE%20STEVE%202020-1.pdf
WILFONG CHARLES,2020-1,https://ethics.wv.gov/SiteCollectionDocuments/Lobby/ACTIVITY%20REPORTS/2020-1/WILFONG%20CHARLES%202020-1.pdf
WYRICK JARED,2020-1,https://ethics.wv.gov/SiteCollectionDocuments/Lobby/ACTIVITY%20REPORTS/2020-1/WYRICK%20JARED%202020-1.pdf
YATES MARVIN,2020-1,https://ethics.wv.gov/SiteCollectionDocuments/Lobby/ACTIVITY%20REPORTS/2020-1/YATES%20MARVIN%202020-1.pdf
BAILEY TODD,2020-1,https://ethics.wv.gov/SiteCollectionDocuments/Lobby/ACTIVITY%20REPORTS/2020-1/BAILEY%20TODD%202020-1.pdf
BISSETT BILL,2020-1,https://ethics.wv.gov/SiteCollectionDocuments/Lobby/ACTIVITY%20REPORTS/2020-1/BISSETT%20BILL%202020-1.pdf
BURTON ROBERT,2020-1,https://ethics.wv.gov/SiteCollectionDocuments/Lobby/ACTIVITY%20REPORTS/2020-1/BURTON%20ROBERT%202020-1.pdf
CALLEN ELDON,2020-1,https://ethics.wv.gov/SiteCollectionDocuments/Lobby/ACTIVITY%20REPORTS/2020-1/CALLEN%20ELDON%202020-1.pdf
CAREY JOHN,2020-1,https://ethics.wv.gov/SiteCollectionDocuments/Lobby/ACTIVITY%20REPORTS/2020-1/CAREY%20JOHN%202020-1.pdf
CASTO ROB,2020-1,https://ethics.wv.gov/SiteCollectionDocuments/Lobby/ACTIVITY%20REPORTS/2020-1/CASTO%20ROB%202020-1.pdf
CHEETHAM RANDOLPH,2020-1,https://ethics.wv.gov/SiteCollectionDocuments/Lobby/ACTIVITY%20REPORTS/2020-1/CHEETHAM%20RANDOLPH%202020-1.pdf
COHEN JOSEPH,2020-1,https://ethics.wv.gov/SiteCollectionDocuments/Lobby/ACTIVITY%20REPORTS/2020-1/COHEN%20JOSEPH%202020-1.pdf
DELUKE GARY,2020-1,https://ethics.wv.gov/SiteCollectionDocuments/Lobby/ACTIVITY%20REPORTS/2020-1/DELUKE%20GARY%202020-1.pdf
FERRO CHRIS,2020-1,https://ethics.wv.gov/SiteCollectionDocuments/Lobby/ACTIVITY%20REPORTS/2020-1/FERRO%20CHRIS%202020-1.pdf
FLANNERY DAVID,2020-1,https://ethics.wv.gov/SiteCollectionDocuments/Lobby/ACTIVITY%20REPORTS/2020-1/FLANNERY%20DAVID%202020-1.pdf
FRANCIS CHAD,2020-1,https://ethics.wv.gov/SiteCollectionDocuments/Lobby/ACTIVITY%20REPORTS/2020-1/FRANCIS%20CHAD%202020-1.pdf
FRITZ JEFF,2020-1,https://ethics.wv.gov/SiteCollectionDocuments/Lobby/ACTIVITY%20REPORTS/2020-1/FRITZ%20JEFF%202020-1.pdf
GAUNCH JOHNNA,2020-1,https://ethics.wv.gov/SiteCollectionDocuments/Lobby/ACTIVITY%20REPORTS/2020-1/GAUNCH%20JOHNNA%202020-1.pdf
GOLLEHON JOE,2020-1,https://ethics.wv.gov/SiteCollectionDocuments/Lobby/ACTIVITY%20REPORTS/2020-1/GOLLEHON%20JOE%202020-1.pdf
GOOD CRYSTAL,2020-1,https://ethics.wv.gov/SiteCollectionDocuments/Lobby/ACTIVITY%20REPORTS/2020-1/GOOD%20CRYSTAL%202020-1.pdf
HAMILTON CHRIS,2020-1,https://ethics.wv.gov/SiteCollectionDocuments/Lobby/ACTIVITY%20REPORTS/2020-1/HAMILTON%20CHRIS%202020-1.pdf
HANNAH MEGAN,2020-1,https://ethics.wv.gov/SiteCollectionDocuments/Lobby/ACTIVITY%20REPORTS/2020-1/HANNAH%20MEGAN%202020-1.pdf
HANNAH TRACY,2020-1,https://ethics.wv.gov/SiteCollectionDocuments/Lobby/ACTIVITY%20REPORTS/2020-1/HANNAH%20TRACY%202020-1.pdf
HARRISON JACK,2020-1,https://ethics.wv.gov/SiteCollectionDocuments/Lobby/ACTIVITY%20REPORTS/2020-1/HARRISON%20JACK%202020-1.pdf
HUDSON CHRIS,2020-1,https://ethics.wv.gov/SiteCollectionDocuments/Lobby/ACTIVITY%20REPORTS/2020-1/HUDSON%20CHRIS%202020-1.pdf
HUFFMAN TIMOTHY,2020-1,https://ethics.wv.gov/SiteCollectionDocuments/Lobby/ACTIVITY%20REPORTS/2020-1/HUFFMAN%20TIMOTHY%202020-1.pdf
KARDELL LISA,2020-1,https://ethics.wv.gov/SiteCollectionDocuments/Lobby/ACTIVITY%20REPORTS/2020-1/KARDELL%20LISA%202020-1.pdf
LANSDALE SHARON,2020-1,https://ethics.wv.gov/SiteCollectionDocuments/Lobby/ACTIVITY%20REPORTS/2020-1/LANSDALE%20SHARON%202020-1.pdf
LOMMELE MORGAN,2020-1,https://ethics.wv.gov/SiteCollectionDocuments/Lobby/ACTIVITY%20REPORTS/2020-1/LOMMELE%20MORGAN%202020-1.pdf
MARION GRAY,2020-1,https://ethics.wv.gov/SiteCollectionDocuments/Lobby/ACTIVITY%20REPORTS/2020-1/MARION%20GRAY%202020-1.pdf
MARTIN BRUCE,2020-1,https://ethics.wv.gov/SiteCollectionDocuments/Lobby/ACTIVITY%20REPORTS/2020-1/MARTIN%20BRUCE%202020-1.pdf
MARTIN LAURA,2020-1,https://ethics.wv.gov/SiteCollectionDocuments/Lobby/ACTIVITY%20REPORTS/2020-1/MARTIN%20LAURA%202020-1.pdf
MASON HALLIE,2020-1,https://ethics.wv.gov/SiteCollectionDocuments/Lobby/ACTIVITY%20REPORTS/2020-1/MASON%20HALLIE%202020-1.pdf
MASTERS IAN,2020-1,https://ethics.wv.gov/SiteCollectionDocuments/Lobby/ACTIVITY%20REPORTS/2020-1/MASTERS%20IAN%202020-1.pdf
MCCOMAS,2020-1,https://ethics.wv.gov/SiteCollectionDocuments/Lobby/ACTIVITY%20REPORTS/2020-1/MCCOMAS%202020-1.pdf
MCGOWAN SEAN,2020-1,https://ethics.wv.gov/SiteCollectionDocuments/Lobby/ACTIVITY%20REPORTS/2020-1/MCGOWAN%20SEAN%202020-1.pdf
MCPHAIL REBECCA  AMENDED,2020-1,https://ethics.wv.gov/SiteCollectionDocuments/Lobby/ACTIVITY%20REPORTS/2020-1/MCPHAIL%20REBECCA%202020-1%20AMENDED.pdf
MERRELL BRYAN,2020-1,https://ethics.wv.gov/SiteCollectionDocuments/Lobby/ACTIVITY%20REPORTS/2020-1/MERRELL%20BRYAN%202020-1.pdf
MORRIS CHRIS,2020-1,https://ethics.wv.gov/SiteCollectionDocuments/Lobby/ACTIVITY%20REPORTS/2020-1/MORRIS%20CHRIS%202020-1.pdf
NELSON TRACI,2020-1,https://ethics.wv.gov/SiteCollectionDocuments/Lobby/ACTIVITY%20REPORTS/2020-1/NELSON%20TRACI%202020-1.pdf
NORTZ ANTHONY,2020-1,https://ethics.wv.gov/SiteCollectionDocuments/Lobby/ACTIVITY%20REPORTS/2020-1/NORTZ%20ANTHONY%202020-1.pdf
OCULL HOWARD,2020-1,https://ethics.wv.gov/SiteCollectionDocuments/Lobby/ACTIVITY%20REPORTS/2020-1/OCULL%20HOWARD%202020-1.pdf
ODONNELL BRIAN,2020-1,https://ethics.wv.gov/SiteCollectionDocuments/Lobby/ACTIVITY%20REPORTS/2020-1/ODONNELL%20BRIAN%202020-1.pdf
ORNDORFF ROBERT,2020-1,https://ethics.wv.gov/SiteCollectionDocuments/Lobby/ACTIVITY%20REPORTS/2020-1/ORNDORFF%20ROBERT%202020-1.pdf
PASSMORE ROBERT,2020-1,https://ethics.wv.gov/SiteCollectionDocuments/Lobby/ACTIVITY%20REPORTS/2020-1/PASSMORE%20ROBERT%202020-1.pdf
PHARES SHANA,2020-1,https://ethics.wv.gov/SiteCollectionDocuments/Lobby/ACTIVITY%20REPORTS/2020-1/PHARES%20SHANA%202020-1.pdf
PIZZOFERRATO STEPHANIE,2020-1,https://ethics.wv.gov/SiteCollectionDocuments/Lobby/ACTIVITY%20REPORTS/2020-1/PIZZOFERRATO%20STEPHANIE%202020-1.pdf
PROCTOR JUDY,2020-1,https://ethics.wv.gov/SiteCollectionDocuments/Lobby/ACTIVITY%20REPORTS/2020-1/PROCTOR%20JUDY%202020-1.pdf
RANDOLPH KYM,2020-1,https://ethics.wv.gov/SiteCollectionDocuments/Lobby/ACTIVITY%20REPORTS/2020-1/RANDOLPH%20KYM%202020-1.pdf
RICHARDSON ANDREW,2020-1,https://ethics.wv.gov/SiteCollectionDocuments/Lobby/ACTIVITY%20REPORTS/2020-1/RICHARDSON%20ANDREW%202020-1.pdf
ROSSER ANGIE,2020-1,https://ethics.wv.gov/SiteCollectionDocuments/Lobby/ACTIVITY%20REPORTS/2020-1/ROSSER%20ANGIE%202020-1.pdf
ROTELLINI MICHELLE,2020-1,https://ethics.wv.gov/SiteCollectionDocuments/Lobby/ACTIVITY%20REPORTS/2020-1/ROTELLINI%20MICHELLE%202020-1.pdf
RUCKLE STACEY,2020-1,https://ethics.wv.gov/SiteCollectionDocuments/Lobby/ACTIVITY%20REPORTS/2020-1/RUCKLE%20STACEY%202020-1.pdf
SCHAFFER RICHARD,2020-1,https://ethics.wv.gov/SiteCollectionDocuments/Lobby/ACTIVITY%20REPORTS/2020-1/SCHAFFER%20RICHARD%202020-1.pdf
SCHNEIDER ANDREW,2020-1,https://ethics.wv.gov/SiteCollectionDocuments/Lobby/ACTIVITY%20REPORTS/2020-1/SCHNEIDER%20ANDREW%202020-1.pdf
SELLARDS ROBERT,2020-1,https://ethics.wv.gov/SiteCollectionDocuments/Lobby/ACTIVITY%20REPORTS/2020-1/SELLARDS%20ROBERT%202020-1.pdf
SEVERONI ANTHONY,2020-1,https://ethics.wv.gov/SiteCollectionDocuments/Lobby/ACTIVITY%20REPORTS/2020-1/SEVERONI%20ANTHONY%202020-1.pdf
SHEPHERD LIDA,2020-1,https://ethics.wv.gov/SiteCollectionDocuments/Lobby/ACTIVITY%20REPORTS/2020-1/SHEPHERD%20LIDA%202020-1.pdf
SOUTHWORTH LOUIS,2020-1,https://ethics.wv.gov/SiteCollectionDocuments/Lobby/ACTIVITY%20REPORTS/2020-1/SOUTHWORTH%20LOUIS%202020-1.pdf
STEVENS JEFF,2020-1,https://ethics.wv.gov/SiteCollectionDocuments/Lobby/ACTIVITY%20REPORTS/2020-1/STEVENS%20JEFF%202020-1.pdf
SWAFFORD ERIC,2020-1,https://ethics.wv.gov/SiteCollectionDocuments/Lobby/ACTIVITY%20REPORTS/2020-1/SWAFFORD%20ERIC%202020-1.pdf
SWORD JOSHUA,2020-1,https://ethics.wv.gov/SiteCollectionDocuments/Lobby/ACTIVITY%20REPORTS/2020-1/SWORD%20JOSHUA%202020-1.pdf
TANNER DONNA,2020-1,https://ethics.wv.gov/SiteCollectionDocuments/Lobby/ACTIVITY%20REPORTS/2020-1/TANNER%20DONNA%202020-1.pdf
TURNER WENDEL,2020-1,https://ethics.wv.gov/SiteCollectionDocuments/Lobby/ACTIVITY%20REPORTS/2020-1/TURNER%20WENDEL%202020-1.pdf
VANCE ANGELA,2020-1,https://ethics.wv.gov/SiteCollectionDocuments/Lobby/ACTIVITY%20REPORTS/2020-1/VANCE%20ANGELA%202020-1.pdf
WALKER MATTHEW,2020-1,https://ethics.wv.gov/SiteCollectionDocuments/Lobby/ACTIVITY%20REPORTS/2020-1/WALKER%20MATTHEW%202020-1.pdf
WALTERS ANDY,2020-1,https://ethics.wv.gov/SiteCollectionDocuments/Lobby/ACTIVITY%20REPORTS/2020-1/WALTERS%20ANDY%202020-1.pdf
WARD JOSEPH,2020-1,https://ethics.wv.gov/SiteCollectionDocuments/Lobby/ACTIVITY%20REPORTS/2020-1/WARD%20JOSEPH%202020-1.pdf
WATTS KENNETH,2020-1,https://ethics.wv.gov/SiteCollectionDocuments/Lobby/ACTIVITY%20REPORTS/2020-1/WATTS%20KENNETH%202020-1.pdf
WEBB JASON,2020-1,https://ethics.wv.gov/SiteCollectionDocuments/Lobby/ACTIVITY%20REPORTS/2020-1/WEBB%20JASON%202020-1.pdf
WEBSTER JON,2020-1,https://ethics.wv.gov/SiteCollectionDocuments/Lobby/ACTIVITY%20REPORTS/2020-1/WEBSTER%20JON%202020-1.pdf
WESSELS ANDREW,2020-1,https://ethics.wv.gov/SiteCollectionDocuments/Lobby/ACTIVITY%20REPORTS/2020-1/WESSELS%20ANDREW%202020-1.pdf
WHITE GIL,2020-1,https://ethics.wv.gov/SiteCollectionDocuments/Lobby/ACTIVITY%20REPORTS/2020-1/WHITE%20GIL%202020-1.pdf
WHITE JAMES JOE,2020-1,https://ethics.wv.gov/SiteCollectionDocuments/Lobby/ACTIVITY%20REPORTS/2020-1/WHITE%20JAMES%20JOE%202020-1.pdf
WILLIAMS BENJAMIN,2020-1,https://ethics.wv.gov/SiteCollectionDocuments/Lobby/ACTIVITY%20REPORTS/2020-1/WILLIAMS%20BENJAMIN%202020-1.pdf
ZLAJIC SUSAN,2020-1,https://ethics.wv.gov/SiteCollectionDocuments/Lobby/ACTIVITY%20REPORTS/2020-1/ZLAJIC%20SUSAN%202020-1.pdf
ADKINS J MARK,2020-1,https://ethics.wv.gov/SiteCollectionDocuments/Lobby/ACTIVITY%20REPORTS/2020-1/ADKINS%20J%20MARK%202020-1.pdf
ADLER JONATHAN,2020-1,https://ethics.wv.gov/SiteCollectionDocuments/Lobby/ACTIVITY%20REPORTS/2020-1/ADLER%20JONATHAN%202020-1.pdf
ALBERT FRED,2020-1,https://ethics.wv.gov/SiteCollectionDocuments/Lobby/ACTIVITY%20REPORTS/2020-1/ALBERT%20FRED%202020-1.pdf
BAILEY THOMAS,2020-1,https://ethics.wv.gov/SiteCollectionDocuments/Lobby/ACTIVITY%20REPORTS/2020-1/BAILEY%20THOMAS%202020-1.pdf
BAKER CASSI,2020-1,https://ethics.wv.gov/SiteCollectionDocuments/Lobby/ACTIVITY%20REPORTS/2020-1/BAKER%20CASSI%202020-1.pdf
BASILE MICHAEL,2020-1,https://ethics.wv.gov/SiteCollectionDocuments/Lobby/ACTIVITY%20REPORTS/2020-1/BASILE%20MICHAEL%202020-1.pdf
BEAKES BENJAMIN,2020-1,https://ethics.wv.gov/SiteCollectionDocuments/Lobby/ACTIVITY%20REPORTS/2020-1/BEAKES%20BENJAMIN%202020-1.pdf
BENNETT TAYLOR,2020-1,https://ethics.wv.gov/SiteCollectionDocuments/Lobby/ACTIVITY%20REPORTS/2020-1/BENNETT%20TAYLOR%202020-1.pdf
BLANDFORD ALLYSON,2020-1,https://ethics.wv.gov/SiteCollectionDocuments/Lobby/ACTIVITY%20REPORTS/2020-1/BLANDFORD%20ALLYSON%202020-1.pdf
BOARD JONATHAN,2020-1,https://ethics.wv.gov/SiteCollectionDocuments/Lobby/ACTIVITY%20REPORTS/2020-1/BOARD%20JONATHAN%202020-1.pdf
BOSTIC JASON,2020-1,https://ethics.wv.gov/SiteCollectionDocuments/Lobby/ACTIVITY%20REPORTS/2020-1/BOSTIC%20JASON%202020-1.pdf
BOWLES MATTHEW,2020-1,https://ethics.wv.gov/SiteCollectionDocuments/Lobby/ACTIVITY%20REPORTS/2020-1/BOWLES%20MATTHEW%202020-1.pdf
BROWN TAMERA,2020-1,https://ethics.wv.gov/SiteCollectionDocuments/Lobby/ACTIVITY%20REPORTS/2020-1/BROWN%20TAMERA%202020-1.pdf
CAMERON CHRISTINA,2020-1,https://ethics.wv.gov/SiteCollectionDocuments/Lobby/ACTIVITY%20REPORTS/2020-1/CAMERON%20CHRISTINA%202020-1.pdf
CANNON JARRED,2020-1,https://ethics.wv.gov/SiteCollectionDocuments/Lobby/ACTIVITY%20REPORTS/2020-1/CANNON%20JARRED%202020-1.pdf
CAREY MICHAEL,2020-1,https://ethics.wv.gov/SiteCollectionDocuments/Lobby/ACTIVITY%20REPORTS/2020-1/CAREY%20MICHAEL%202020-1.pdf
CAVACINI JOHN,2020-1,https://ethics.wv.gov/SiteCollectionDocuments/Lobby/ACTIVITY%20REPORTS/2020-1/CAVACINI%20JOHN%202020-1.pdf
CHAMBLEE SHANNA,2020-1,https://ethics.wv.gov/SiteCollectionDocuments/Lobby/ACTIVITY%20REPORTS/2020-1/CHAMBLEE%20SHANNA%202020-1.pdf
CLARK MARK,2020-1,https://ethics.wv.gov/SiteCollectionDocuments/Lobby/ACTIVITY%20REPORTS/2020-1/CLARK%20MARK%202020-1.pdf
CLEMENTS ALISA,2020-1,https://ethics.wv.gov/SiteCollectionDocuments/Lobby/ACTIVITY%20REPORTS/2020-1/CLEMENTS%20ALISA%202020-1.pdf
COFFMAN RACHEL,2020-1,https://ethics.wv.gov/SiteCollectionDocuments/Lobby/ACTIVITY%20REPORTS/2020-1/COFFMAN%20RACHEL%202020-1.pdf
CONORS CAITLIN,2020-1,https://ethics.wv.gov/SiteCollectionDocuments/Lobby/ACTIVITY%20REPORTS/2020-1/CONORS%20CAITLIN%202020-1.pdf
COOK MARY,2020-1,https://ethics.wv.gov/SiteCollectionDocuments/Lobby/ACTIVITY%20REPORTS/2020-1/COOK%20MARY%202020-1.pdf
COOK STEPHANIE,2020-1,https://ethics.wv.gov/SiteCollectionDocuments/Lobby/ACTIVITY%20REPORTS/2020-1/COOK%20STEPHANIE%202020-1.pdf
COOLEY BETHANNE,2020-1,https://ethics.wv.gov/SiteCollectionDocuments/Lobby/ACTIVITY%20REPORTS/2020-1/COOLEY%20BETHANNE%202020-1.pdf
CORSIG ANDREW,2020-1,https://ethics.wv.gov/SiteCollectionDocuments/Lobby/ACTIVITY%20REPORTS/2020-1/CORSIG%20ANDREW%202020-1.pdf
COSCO SCOTT,2020-1,https://ethics.wv.gov/SiteCollectionDocuments/Lobby/ACTIVITY%20REPORTS/2020-1/COSCO%20SCOTT%202020-1.pdf
CURRY JULIANA,2020-1,https://ethics.wv.gov/SiteCollectionDocuments/Lobby/ACTIVITY%20REPORTS/2020-1/CURRY%20JULIANA%202020-1.pdf
DARLING ELAINE,2020-1,https://ethics.wv.gov/SiteCollectionDocuments/Lobby/ACTIVITY%20REPORTS/2020-1/DARLING%20ELAINE%202020-1.pdf
DAYTON BRIAN,2020-1,https://ethics.wv.gov/SiteCollectionDocuments/Lobby/ACTIVITY%20REPORTS/2020-1/DAYTON%20BRIAN%202020-1.pdf
DEBORD BETSY,2020-1,https://ethics.wv.gov/SiteCollectionDocuments/Lobby/ACTIVITY%20REPORTS/2020-1/DEBORD%20BETSY%202020-1.pdf
DETTINGER KURT,2020-1,https://ethics.wv.gov/SiteCollectionDocuments/Lobby/ACTIVITY%20REPORTS/2020-1/DETTINGER%20KURT%202020-1.pdf
DISABATO MICHAEL,2020-1,https://ethics.wv.gov/SiteCollectionDocuments/Lobby/ACTIVITY%20REPORTS/2020-1/DISABATO%20MICHAEL%202020-1.pdf
DOOLEY LISA,2020-1,https://ethics.wv.gov/SiteCollectionDocuments/Lobby/ACTIVITY%20REPORTS/2020-1/DOOLEY%20LISA%202020-1.pdf
DOUGLASS WILLIAM,2020-1,https://ethics.wv.gov/SiteCollectionDocuments/Lobby/ACTIVITY%20REPORTS/2020-1/DOUGLASS%20WILLIAM%202020-1.pdf
DRENNAN MARK,2020-1,https://ethics.wv.gov/SiteCollectionDocuments/Lobby/ACTIVITY%20REPORTS/2020-1/DRENNAN%20MARK%202020-1.pdf
DUKETTE AARON,2020-1,https://ethics.wv.gov/SiteCollectionDocuments/Lobby/ACTIVITY%20REPORTS/2020-1/DUKETTE%20AARON%202020-1.pdf
ENGEN RACHELLE,2020-1,https://ethics.wv.gov/SiteCollectionDocuments/Lobby/ACTIVITY%20REPORTS/2020-1/ENGEN%20RACHELLE%202020-1.pdf
ESTLACK MARCUS,2020-1,https://ethics.wv.gov/SiteCollectionDocuments/Lobby/ACTIVITY%20REPORTS/2020-1/ESTLACK%20MARCUS%202020-1.pdf
FATH TRACY DAWN,2020-1,https://ethics.wv.gov/SiteCollectionDocuments/Lobby/ACTIVITY%20REPORTS/2020-1/FATH%20TRACY%20DAWN%202020-1.pdf
FEALY JAMES,2020-1,https://ethics.wv.gov/SiteCollectionDocuments/Lobby/ACTIVITY%20REPORTS/2020-1/FEALY%20JAMES%202020-1.pdf
FEENEY ANDY,2020-1,https://ethics.wv.gov/SiteCollectionDocuments/Lobby/ACTIVITY%20REPORTS/2020-1/FEENEY%20ANDY%202020-1.pdf
FISHER JOSHUA,2020-1,https://ethics.wv.gov/SiteCollectionDocuments/Lobby/ACTIVITY%20REPORTS/2020-1/FISHER%20JOSHUA%202020-1.pdf
FORD MICHELLE,2020-1,https://ethics.wv.gov/SiteCollectionDocuments/Lobby/ACTIVITY%20REPORTS/2020-1/FORD%20MICHELLE%202020-1.pdf
GARDNER SHAUNA,2020-1,https://ethics.wv.gov/SiteCollectionDocuments/Lobby/ACTIVITY%20REPORTS/2020-1/GARDNER%20SHAUNA%202020-1.pdf
GOES KELLEY,2020-1,https://ethics.wv.gov/SiteCollectionDocuments/Lobby/ACTIVITY%20REPORTS/2020-1/GOES%20KELLEY%202020-1.pdf
GOMEZ MARK,2020-1,https://ethics.wv.gov/SiteCollectionDocuments/Lobby/ACTIVITY%20REPORTS/2020-1/GOMEZ%20MARK%202020-1.pdf
GREGORY TONY,2020-1,https://ethics.wv.gov/SiteCollectionDocuments/Lobby/ACTIVITY%20REPORTS/2020-1/GREGORY%20TONY%202020-1.pdf
GROVER LISA,2020-1,https://ethics.wv.gov/SiteCollectionDocuments/Lobby/ACTIVITY%20REPORTS/2020-1/GROVER%20LISA%202020-1.pdf
HALL DANIEL,2020-1,https://ethics.wv.gov/SiteCollectionDocuments/Lobby/ACTIVITY%20REPORTS/2020-1/HALL%20DANIEL%202020-1.pdf
HANNOLD HOLLY,2020-1,https://ethics.wv.gov/SiteCollectionDocuments/Lobby/ACTIVITY%20REPORTS/2020-1/HANNOLD%20HOLLY%202020-1.pdf
HARTMAN FRANK,2020-1,https://ethics.wv.gov/SiteCollectionDocuments/Lobby/ACTIVITY%20REPORTS/2020-1/HARTMAN%20FRANK%202020-1.pdf
HATFIELD BRANDON,2020-1,https://ethics.wv.gov/SiteCollectionDocuments/Lobby/ACTIVITY%20REPORTS/2020-1/HATFIELD%20BRANDON%202020-1.pdf
HENNING ERIC,2020-1,https://ethics.wv.gov/SiteCollectionDocuments/Lobby/ACTIVITY%20REPORTS/2020-1/HENNING%20ERIC%202020-1.pdf
HENRY TYLER,2020-1,https://ethics.wv.gov/SiteCollectionDocuments/Lobby/ACTIVITY%20REPORTS/2020-1/HENRY%20TYLER%202020-1.pdf
HICKMAN SAMUEL,2020-1,https://ethics.wv.gov/SiteCollectionDocuments/Lobby/ACTIVITY%20REPORTS/2020-1/HICKMAN%20SAMUEL%202020-1.pdf
HINGST ERIK,2020-1,https://ethics.wv.gov/SiteCollectionDocuments/Lobby/ACTIVITY%20REPORTS/2020-1/HINGST%20ERIK%202020-1.pdf
HOLDGES DAVID,2020-1,https://ethics.wv.gov/SiteCollectionDocuments/Lobby/ACTIVITY%20REPORTS/2020-1/HOLDGES%20DAVID%202020-1.pdf
HOUSE ELIZABETH,2020-1,https://ethics.wv.gov/SiteCollectionDocuments/Lobby/ACTIVITY%20REPORTS/2020-1/HOUSE%20ELIZABETH%202020-1.pdf
HOYER GREG,2020-1,https://ethics.wv.gov/SiteCollectionDocuments/Lobby/ACTIVITY%20REPORTS/2020-1/HOYER%20GREG%202020-1.pdf
HOYER GREG  AMENDED,2020-1,https://ethics.wv.gov/SiteCollectionDocuments/Lobby/ACTIVITY%20REPORTS/2020-1/HOYER%20GREG%202020-1%20AMENDED.pdf
HUBER THOMAS,2020-1,https://ethics.wv.gov/SiteCollectionDocuments/Lobby/ACTIVITY%20REPORTS/2020-1/HUBER%20THOMAS%202020-1.pdf
HUFFMAN JASON,2020-1,https://ethics.wv.gov/SiteCollectionDocuments/Lobby/ACTIVITY%20REPORTS/2020-1/HUFFMAN%20JASON%202020-1.pdf
JOHNSON TIMOTHY,2020-1,https://ethics.wv.gov/SiteCollectionDocuments/Lobby/ACTIVITY%20REPORTS/2020-1/JOHNSON%20TIMOTHY%202020-1.pdf
JONES ERIN,2020-1,https://ethics.wv.gov/SiteCollectionDocuments/Lobby/ACTIVITY%20REPORTS/2020-1/JONES%20ERIN%202020-1.pdf
KILLION MICHAEL,2020-1,https://ethics.wv.gov/SiteCollectionDocuments/Lobby/ACTIVITY%20REPORTS/2020-1/KILLION%20MICHAEL%202020-1.pdf
KIM HAROLD,2020-1,https://ethics.wv.gov/SiteCollectionDocuments/Lobby/ACTIVITY%20REPORTS/2020-1/KIM%20HAROLD%202020-1.pdf
KIMES ROBERT,2020-1,https://ethics.wv.gov/SiteCollectionDocuments/Lobby/ACTIVITY%20REPORTS/2020-1/KIMES%20ROBERT%202020-1.pdf
KIRKNER ANDREW,2020-1,https://ethics.wv.gov/SiteCollectionDocuments/Lobby/ACTIVITY%20REPORTS/2020-1/KIRKNER%20ANDREW%202020-1.pdf
KOMINAR K STEVE,2020-1,https://ethics.wv.gov/SiteCollectionDocuments/Lobby/ACTIVITY%20REPORTS/2020-1/KOMINAR%20K%20STEVE%202020-1.pdf
LANE JEFFREY,2020-1,https://ethics.wv.gov/SiteCollectionDocuments/Lobby/ACTIVITY%20REPORTS/2020-1/LANE%20JEFFREY%202020-1.pdf
LAVRIHA KATHRYN,2020-1,https://ethics.wv.gov/SiteCollectionDocuments/Lobby/ACTIVITY%20REPORTS/2020-1/LAVRIHA%20KATHRYN%202020-1.pdf
LEIGHTON JOSEPH,2020-1,https://ethics.wv.gov/SiteCollectionDocuments/Lobby/ACTIVITY%20REPORTS/2020-1/LEIGHTON%20JOSEPH%202020-1.pdf
LEMON W BRENT,2020-1,https://ethics.wv.gov/SiteCollectionDocuments/Lobby/ACTIVITY%20REPORTS/2020-1/LEMON%20W%20BRENT%202020-1.pdf
LETNAUNCHYN JOE,2020-1,https://ethics.wv.gov/SiteCollectionDocuments/Lobby/ACTIVITY%20REPORTS/2020-1/LETNAUNCHYN%20JOE%202020-1.pdf
LIEBEL SUSAN,2020-1,https://ethics.wv.gov/SiteCollectionDocuments/Lobby/ACTIVITY%20REPORTS/2020-1/LIEBEL%20SUSAN%202020-1.pdf
LOZANO-CERDA JACQUELINE,2020-1,https://ethics.wv.gov/SiteCollectionDocuments/Lobby/ACTIVITY%20REPORTS/2020-1/LOZANO-CERDA%20JACQUELINE%202020-1.pdf
LUCAS CONRAD,2020-1,https://ethics.wv.gov/SiteCollectionDocuments/Lobby/ACTIVITY%20REPORTS/2020-1/LUCAS%20CONRAD%202020-1.pdf
MACIA ALEXANDER,2020-1,https://ethics.wv.gov/SiteCollectionDocuments/Lobby/ACTIVITY%20REPORTS/2020-1/MACIA%20ALEXANDER%202020-1.pdf
MALLORY KRIS,2020-1,https://ethics.wv.gov/SiteCollectionDocuments/Lobby/ACTIVITY%20REPORTS/2020-1/MALLORY%20KRIS%202020-1.pdf
MARR CHRIS,2020-1,https://ethics.wv.gov/SiteCollectionDocuments/Lobby/ACTIVITY%20REPORTS/2020-1/MARR%20CHRIS%202020-1.pdf
MARTIN GRANT,2020-1,https://ethics.wv.gov/SiteCollectionDocuments/Lobby/ACTIVITY%20REPORTS/2020-1/MARTIN%20GRANT%202020-1.pdf
MCCUSKEY JOHN,2020-1,https://ethics.wv.gov/SiteCollectionDocuments/Lobby/ACTIVITY%20REPORTS/2020-1/MCCUSKEY%20JOHN%202020-1.pdf
MCGLONE WADE,2020-1,https://ethics.wv.gov/SiteCollectionDocuments/Lobby/ACTIVITY%20REPORTS/2020-1/MCGLONE%20WADE%202020-1.pdf
MCGRATH LEE,2020-1,https://ethics.wv.gov/SiteCollectionDocuments/Lobby/ACTIVITY%20REPORTS/2020-1/MCGRATH%20LEE%202020-1.pdf
MCQUERREY JENNIFER,2020-1,https://ethics.wv.gov/SiteCollectionDocuments/Lobby/ACTIVITY%20REPORTS/2020-1/MCQUERREY%20JENNIFER%202020-1.pdf
MECKLER MARK,2020-1,https://ethics.wv.gov/SiteCollectionDocuments/Lobby/ACTIVITY%20REPORTS/2020-1/MECKLER%20MARK%202020-1.pdf
MOORE RYANN,2020-1,https://ethics.wv.gov/SiteCollectionDocuments/Lobby/ACTIVITY%20REPORTS/2020-1/MOORE%20RYANN%202020-1.pdf
MORRIS NATHAN,2020-1,https://ethics.wv.gov/SiteCollectionDocuments/Lobby/ACTIVITY%20REPORTS/2020-1/MORRIS%20NATHAN%202020-1.pdf
MULLENS HOWARD,2020-1,https://ethics.wv.gov/SiteCollectionDocuments/Lobby/ACTIVITY%20REPORTS/2020-1/MULLENS%20HOWARD%202020-1.pdf
MULLINS ASHLEY,2020-1,https://ethics.wv.gov/SiteCollectionDocuments/Lobby/ACTIVITY%20REPORTS/2020-1/MULLINS%20ASHLEY%202020-1.pdf
NIK NARTOWICZ,2020-1,https://ethics.wv.gov/SiteCollectionDocuments/Lobby/ACTIVITY%20REPORTS/2020-1/NIK%20NARTOWICZ%202020-1.pdf
NESTER JAMES,2020-1,https://ethics.wv.gov/SiteCollectionDocuments/Lobby/ACTIVITY%20REPORTS/2020-1/NESTER%20JAMES%202020-1.pdf
OCONNOR MICHAEL,2020-1,https://ethics.wv.gov/SiteCollectionDocuments/Lobby/ACTIVITY%20REPORTS/2020-1/OCONNOR%20MICHAEL%202020-1.pdf
OSTING ERIN,2020-1,https://ethics.wv.gov/SiteCollectionDocuments/Lobby/ACTIVITY%20REPORTS/2020-1/OSTING%20ERIN%202020-1.pdf
PACK LARRY,2020-1,https://ethics.wv.gov/SiteCollectionDocuments/Lobby/ACTIVITY%20REPORTS/2020-1/PACK%20LARRY%202020-1.pdf
PAGLIARO MELANIE,2020-1,https://ethics.wv.gov/SiteCollectionDocuments/Lobby/ACTIVITY%20REPORTS/2020-1/PAGLIARO%20MELANIE%202020-1.pdf
PIERCY JENNIFER,2020-1,https://ethics.wv.gov/SiteCollectionDocuments/Lobby/ACTIVITY%20REPORTS/2020-1/PIERCY%20JENNIFER%202020-1.pdf
PIZATELLA JASON,2020-1,https://ethics.wv.gov/SiteCollectionDocuments/Lobby/ACTIVITY%20REPORTS/2020-1/PIZATELLA%20JASON%202020-1.pdf
POMPONIO MARGARET,2020-1,https://ethics.wv.gov/SiteCollectionDocuments/Lobby/ACTIVITY%20REPORTS/2020-1/POMPONIO%20MARGARET%202020-1.pdf
PUCCIO LARRY,2020-1,https://ethics.wv.gov/SiteCollectionDocuments/Lobby/ACTIVITY%20REPORTS/2020-1/PUCCIO%20LARRY%202020-1.pdf
RAINEY JOHN S,2020-1,https://ethics.wv.gov/SiteCollectionDocuments/Lobby/ACTIVITY%20REPORTS/2020-1/RAINEY%20JOHN%20S%202020-1.pdf
REALE PATRICK,2020-1,https://ethics.wv.gov/SiteCollectionDocuments/Lobby/ACTIVITY%20REPORTS/2020-1/REALE%20PATRICK%202020-1.pdf
REALE II PHILIP,2020-1,https://ethics.wv.gov/SiteCollectionDocuments/Lobby/ACTIVITY%20REPORTS/2020-1/REALE%20II%20PHILIP%202020-1.pdf
REALE PHIL,2020-1,https://ethics.wv.gov/SiteCollectionDocuments/Lobby/ACTIVITY%20REPORTS/2020-1/REALE%20PHIL%202020-1.pdf
REDMOND SEAN,2020-1,https://ethics.wv.gov/SiteCollectionDocuments/Lobby/ACTIVITY%20REPORTS/2020-1/REDMOND%20SEAN%202020-1.pdf
RICE JILL,2020-1,https://ethics.wv.gov/SiteCollectionDocuments/Lobby/ACTIVITY%20REPORTS/2020-1/RICE%20JILL%202020-1.pdf
ROBERTS STEVE,2020-1,https://ethics.wv.gov/SiteCollectionDocuments/Lobby/ACTIVITY%20REPORTS/2020-1/ROBERTS%20STEVE%202020-1.pdf
ROBINSON TRACIE,2020-1,https://ethics.wv.gov/SiteCollectionDocuments/Lobby/ACTIVITY%20REPORTS/2020-1/ROBINSON%20TRACIE%202020-1.pdf
ROPER NATALIE,2020-1,https://ethics.wv.gov/SiteCollectionDocuments/Lobby/ACTIVITY%20REPORTS/2020-1/ROPER%20NATALIE%202020-1.pdf
ROSEN BRIAN,2020-1,https://ethics.wv.gov/SiteCollectionDocuments/Lobby/ACTIVITY%20REPORTS/2020-1/ROSEN%20BRIAN%202020-1.pdf
ROSKOVENSKY MEGAN,2020-1,https://ethics.wv.gov/SiteCollectionDocuments/Lobby/ACTIVITY%20REPORTS/2020-1/ROSKOVENSKY%20MEGAN%202020-1.pdf
SACHS DAN,2020-1,https://ethics.wv.gov/SiteCollectionDocuments/Lobby/ACTIVITY%20REPORTS/2020-1/SACHS%20DAN%202020-1.pdf
SADD MARK,2020-1,https://ethics.wv.gov/SiteCollectionDocuments/Lobby/ACTIVITY%20REPORTS/2020-1/SADD%20MARK%202020-1.pdf
SCARLETT SARA,2020-1,https://ethics.wv.gov/SiteCollectionDocuments/Lobby/ACTIVITY%20REPORTS/2020-1/SCARLETT%20SARA%202020-1.pdf
SHIMER PHILIP,2020-1,https://ethics.wv.gov/SiteCollectionDocuments/Lobby/ACTIVITY%20REPORTS/2020-1/SHIMER%20PHILIP%202020-1.pdf
SHIMER PHILIP,2020-1,https://ethics.wv.gov/SiteCollectionDocuments/Lobby/ACTIVITY%20REPORTS/2020-1/SHIMER%20PHILIP%202020-1.pdf
SKELO LANA,2020-1,https://ethics.wv.gov/SiteCollectionDocuments/Lobby/ACTIVITY%20REPORTS/2020-1/SKELO%20LANA%202020-1.pdf
SMITH DON,2020-1,https://ethics.wv.gov/SiteCollectionDocuments/Lobby/ACTIVITY%20REPORTS/2020-1/SMITH%20DON%202020-1.pdf
SMITH SARAH,2020-1,https://ethics.wv.gov/SiteCollectionDocuments/Lobby/ACTIVITY%20REPORTS/2020-1/SMITH%20SARAH%202020-1.pdf
SPADE NATHAN,2020-1,https://ethics.wv.gov/SiteCollectionDocuments/Lobby/ACTIVITY%20REPORTS/2020-1/SPADE%20NATHAN%202020-1.pdf
SPENCER GLENN,2020-1,https://ethics.wv.gov/SiteCollectionDocuments/Lobby/ACTIVITY%20REPORTS/2020-1/SPENCER%20GLENN%202020-1.pdf
SUSMAN TOM,2020-1,https://ethics.wv.gov/SiteCollectionDocuments/Lobby/ACTIVITY%20REPORTS/2020-1/SUSMAN%20TOM%202020-1.pdf
SWANN AMY  AMENDED,2020-1,https://ethics.wv.gov/SiteCollectionDocuments/Lobby/ACTIVITY%20REPORTS/2020-1/SWANN%20AMY%202020-1%20AMENDED.pdf
SWANN LARRY,2020-1,https://ethics.wv.gov/SiteCollectionDocuments/Lobby/ACTIVITY%20REPORTS/2020-1/SWANN%20LARRY%202020-1.pdf
SWANN WILLIAM,2020-1,https://ethics.wv.gov/SiteCollectionDocuments/Lobby/ACTIVITY%20REPORTS/2020-1/SWANN%20WILLIAM%202020-1.pdf
TERRY JULIET,2020-1,https://ethics.wv.gov/SiteCollectionDocuments/Lobby/ACTIVITY%20REPORTS/2020-1/TERRY%20JULIET%202020-1.pdf
THOMAS GREG,2020-1,https://ethics.wv.gov/SiteCollectionDocuments/Lobby/ACTIVITY%20REPORTS/2020-1/THOMAS%20GREG%202020-1.pdf
THOMAS KATHY,2020-1,https://ethics.wv.gov/SiteCollectionDocuments/Lobby/ACTIVITY%20REPORTS/2020-1/THOMAS%20KATHY%202020-1.pdf
THOMAS SARAH,2020-1,https://ethics.wv.gov/SiteCollectionDocuments/Lobby/ACTIVITY%20REPORTS/2020-1/THOMAS%20SARAH%202020-1.pdf
TROYAN JESSI,2020-1,https://ethics.wv.gov/SiteCollectionDocuments/Lobby/ACTIVITY%20REPORTS/2020-1/TROYAN%20JESSI%202020-1.pdf
TWIGGS JACQUELINE,2020-1,https://ethics.wv.gov/SiteCollectionDocuments/Lobby/ACTIVITY%20REPORTS/2020-1/TWIGGS%20JACQUELINE.pdf
WALTERS RONALD,2020-1,https://ethics.wv.gov/SiteCollectionDocuments/Lobby/ACTIVITY%20REPORTS/2020-1/WALTERS%20RONALD%202020-1.pdf
WALTZ DANIELLE,2020-1,https://ethics.wv.gov/SiteCollectionDocuments/Lobby/ACTIVITY%20REPORTS/2020-1/WALTZ%20DANIELLE%202020-1.pdf
WHITE STEVEN R,2020-1,https://ethics.wv.gov/SiteCollectionDocuments/Lobby/ACTIVITY%20REPORTS/2020-1/WHITE%20STEVEN%20R%202020-1.pdf
WHITE STEVEN F,2020-1,https://ethics.wv.gov/SiteCollectionDocuments/Lobby/ACTIVITY%20REPORTS/2020-1/WHITE%20STEVEN%20F%202020-1.pdf
WINTZ-ADAMS JESSICA,2020-1,https://ethics.wv.gov/SiteCollectionDocuments/Lobby/ACTIVITY%20REPORTS/2020-1/WINTZ-ADAMS%20JESSICA%202020-1.pdf
YAUSSY DAVID,2020-1,https://ethics.wv.gov/SiteCollectionDocuments/Lobby/ACTIVITY%20REPORTS/2020-1/YAUSSY%20DAVID%202020-1.pdf
YOUNG KAYLA,2020-1,https://ethics.wv.gov/SiteCollectionDocuments/Lobby/ACTIVITY%20REPORTS/2020-1/YOUNG%20KAYLA%202020-1.pdf
ARCHER JULIE,2020-1,https://ethics.wv.gov/SiteCollectionDocuments/Lobby/ACTIVITY%20REPORTS/2020-1/ARCHER%20JULIE%202020-1.pdf
BLANKENSHIP MARK,2020-1,https://ethics.wv.gov/SiteCollectionDocuments/Lobby/ACTIVITY%20REPORTS/2020-1/BLANKENSHIP%20MARK%202020-1.pdf
BLOSSER TRAVIS,2020-1,https://ethics.wv.gov/SiteCollectionDocuments/Lobby/ACTIVITY%20REPORTS/2020-1/BLOSSER%20TRAVIS%202020-1.pdf
BROWN BOB,2020-1,https://ethics.wv.gov/SiteCollectionDocuments/Lobby/ACTIVITY%20REPORTS/2020-1/BROWN%20BOB%202020-1.pdf
CRIST MICHELE,2020-1,https://ethics.wv.gov/SiteCollectionDocuments/Lobby/ACTIVITY%20REPORTS/2020-1/CRIST%20MICHELE%202020-1.pdf
ECONOMOU SUSAN,2020-1,https://ethics.wv.gov/SiteCollectionDocuments/Lobby/ACTIVITY%20REPORTS/2020-1/ECONOMOU%20SUSAN%202020-1.pdf
HALL CHRIS,2020-1,https://ethics.wv.gov/SiteCollectionDocuments/Lobby/ACTIVITY%20REPORTS/2020-1/HALL%20CHRIS%202020-1.pdf
HARMON KATRINA,2020-1,https://ethics.wv.gov/SiteCollectionDocuments/Lobby/ACTIVITY%20REPORTS/2020-1/HARMON%20KATRINA%202020-1.pdf
HEFNER M GREGORY,2020-1,https://ethics.wv.gov/SiteCollectionDocuments/Lobby/ACTIVITY%20REPORTS/2020-1/HEFNER%20M%20GREGORY%202020-1.pdf
HOYLMAN BRYAN,2020-1,https://ethics.wv.gov/SiteCollectionDocuments/Lobby/ACTIVITY%20REPORTS/2020-1/HOYLMAN%20BRYAN%202020-1.pdf
JOSEPH RAYMOND,2020-1,https://ethics.wv.gov/SiteCollectionDocuments/Lobby/ACTIVITY%20REPORTS/2020-1/JOSEPH%20RAYMOND%202020-1.pdf
LAMBERT BRIDGET,2020-1,https://ethics.wv.gov/SiteCollectionDocuments/Lobby/ACTIVITY%20REPORTS/2020-1/LAMBERT%20BRIDGET%202020-1.pdf
MCCUNE PATRICK,2020-1,https://ethics.wv.gov/SiteCollectionDocuments/Lobby/ACTIVITY%20REPORTS/2020-1/MCCUNE%20PATRICK%202020-1.pdf
ROSE HERSCHEL,2020-1,https://ethics.wv.gov/SiteCollectionDocuments/Lobby/ACTIVITY%20REPORTS/2020-1/ROSE%20HERSCHEL%202020-1.pdf
STEVENS RICHARD D,2020-1,https://ethics.wv.gov/SiteCollectionDocuments/Lobby/ACTIVITY%20REPORTS/2020-1/STEVENS%20RICHARD%20D%202020-1.pdf
THOMM ARTHUR,2020-1,https://ethics.wv.gov/SiteCollectionDocuments/Lobby/ACTIVITY%20REPORTS/2020-1/THOMM%20ARTHUR%202020-1.pdf
WATSON DENNIS,2020-1,https://ethics.wv.gov/SiteCollectionDocuments/Lobby/ACTIVITY%20REPORTS/2020-1/WATSON%20DENNIS%202020-1.pdf
WAZELLE JASON,2020-1,https://ethics.wv.gov/SiteCollectionDocuments/Lobby/ACTIVITY%20REPORTS/2020-1/WAZELLE%20JASON%202020-1.pdf
ZUCKETT GARY,2020-1,https://ethics.wv.gov/SiteCollectionDocuments/Lobby/ACTIVITY%20REPORTS/2020-1/ZUCKETT%20GARY%202020-1.pdf
SCALISE DANNY,2020-1,https://ethics.wv.gov/SiteCollectionDocuments/Lobby/ACTIVITY%20REPORTS/2020-1/SCALISE%20DANNY%202020-1.pdf
ANDERSON MARIBETH,2020-1,https://ethics.wv.gov/SiteCollectionDocuments/Lobby/ACTIVITY%20REPORTS/2020-1/ANDERSON%20MARIBETH%202020-1.pdf
CRANE RANDY,2020-1,https://ethics.wv.gov/SiteCollectionDocuments/Lobby/ACTIVITY%20REPORTS/2020-1/CRANE%20RANDY%202020-1.pdf
EFAW DAVID,2020-1,https://ethics.wv.gov/SiteCollectionDocuments/Lobby/ACTIVITY%20REPORTS/2020-1/EFAW%20DAVID%202020-1.pdf
HATTON BRANDON,2020-1,https://ethics.wv.gov/SiteCollectionDocuments/Lobby/ACTIVITY%20REPORTS/2020-1/HATTON%20BRANDON%202020-1.pdf
HEARD NEIL,2020-1,https://ethics.wv.gov/SiteCollectionDocuments/Lobby/ACTIVITY%20REPORTS/2020-1/HEARD%20NEIL%202020-1.pdf
HEWITT GRANT,2020-1,https://ethics.wv.gov/SiteCollectionDocuments/Lobby/ACTIVITY%20REPORTS/2020-1/HEWITT%20GRANT%202020-1.pdf
PERRY AMBER,2020-1,https://ethics.wv.gov/SiteCollectionDocuments/Lobby/ACTIVITY%20REPORTS/2020-1/PERRY%20AMBER%202020-1.pdf
REALE ABBY,2020-1,https://ethics.wv.gov/SiteCollectionDocuments/Lobby/ACTIVITY%20REPORTS/2020-1/REALE%20ABBY%202020-1.pdf
ROSE HAMPTON,2020-1,https://ethics.wv.gov/SiteCollectionDocuments/Lobby/ACTIVITY%20REPORTS/2020-1/ROSE%20HAMPTON%202020-1.pdf
WILES RONNIE,2020-1,https://ethics.wv.gov/SiteCollectionDocuments/Lobby/ACTIVITY%20REPORTS/2020-1/WILES%20RONNIE%202020-1.pdf
BEGOVICH LEWIS,2020-1,https://ethics.wv.gov/SiteCollectionDocuments/Lobby/ACTIVITY%20REPORTS/2020-1/BEGOVICH%20LEWIS%202020-1.pdf
DONALDSON BEN,2020-1,https://ethics.wv.gov/SiteCollectionDocuments/Lobby/ACTIVITY%20REPORTS/2020-1/DONALDSON%20BEN%202020-1.pdf
PEPPER EMMETT,2020-1,https://ethics.wv.gov/SiteCollectionDocuments/Lobby/ACTIVITY%20REPORTS/2020-1/PEPPER%20EMMETT%202020-1.pdf
PRITT ALAN,2020-1,https://ethics.wv.gov/SiteCollectionDocuments/Lobby/ACTIVITY%20REPORTS/2020-1/PRITT%20ALAN%202020-1.pdf
ROBINSON CHAD,2020-1,https://ethics.wv.gov/SiteCollectionDocuments/Lobby/ACTIVITY%20REPORTS/2020-1/ROBINSON%20CHAD%202020-1.pdf
WEIKLE CHRIS,2020-1,https://ethics.wv.gov/SiteCollectionDocuments/Lobby/ACTIVITY%20REPORTS/2020-1/WEIKLE%20CHRIS%202020-1.pdf
CLINE SARA,2020-1,https://ethics.wv.gov/SiteCollectionDocuments/Lobby/ACTIVITY%20REPORTS/2020-1/CLINE%20SARA%202020-1.pdf
HAMILTON PATTI,2020-1,https://ethics.wv.gov/SiteCollectionDocuments/Lobby/ACTIVITY%20REPORTS/2020-1/HAMILTON%20PATTI%202020-1.pdf
ALLEN LOREN,2020-1,https://ethics.wv.gov/SiteCollectionDocuments/Lobby/ACTIVITY%20REPORTS/2020-1/ALLEN%20LOREN%202020-1.pdf
HARRELL RAYMOND,2020-1,https://ethics.wv.gov/SiteCollectionDocuments/Lobby/ACTIVITY%20REPORTS/2020-1/HARRELL%20RAYMOND%202020-1.pdf
MOORE ANGEL,2020-1,https://ethics.wv.gov/SiteCollectionDocuments/Lobby/ACTIVITY%20REPORTS/2020-1/MOORE%20ANGEL%202020-1.pdf
QUIGLEY TINNA,2020-1,https://ethics.wv.gov/SiteCollectionDocuments/Lobby/ACTIVITY%20REPORTS/2020-1/QUIGLEY%20TINNA%202020-1.pdf
BUTLER STEPHEN,2020-1,https://ethics.wv.gov/SiteCollectionDocuments/Lobby/ACTIVITY%20REPORTS/2020-1/BUTLER%20STEPHEN%202020-1.pdf
BLANKENSHIP ANNE,2020-1,https://ethics.wv.gov/SiteCollectionDocuments/Lobby/ACTIVITY%20REPORTS/2020-1/BLANKENSHIP%20ANNE%202020-1.pdf
AILES JOHN,2020-2,https://ethics.wv.gov/SiteCollectionDocuments/Lobby/ACTIVITY%20REPORTS/2020-2/AILES%20JOHN%202020-2.pdf
BECKMAN LINDA,2020-2,https://ethics.wv.gov/SiteCollectionDocuments/Lobby/ACTIVITY%20REPORTS/2020-2/BECKMAN%20LINDA%202020-2.pdf
DONNELLY MICHAEL,2020-2,https://ethics.wv.gov/SiteCollectionDocuments/Lobby/ACTIVITY%20REPORTS/2020-2/DONNELLY%20MICHAEL%202020-2.pdf
ECONOMOU SUSAN,2020-2,https://ethics.wv.gov/SiteCollectionDocuments/Lobby/ACTIVITY%20REPORTS/2020-2/ECONOMOU%20SUSAN%202020-2.pdf
FAWCETT JAMES,2020-2,https://ethics.wv.gov/SiteCollectionDocuments/Lobby/ACTIVITY%20REPORTS/2020-2/FAWCETT%20JAMES%202020-2.pdf
FERRO CHRIS,2020-2,https://ethics.wv.gov/SiteCollectionDocuments/Lobby/ACTIVITY%20REPORTS/2020-2/FERRO%20CHRIS%202020-2.pdf
GEORGE EDWARD,2020-2,https://ethics.wv.gov/SiteCollectionDocuments/Lobby/ACTIVITY%20REPORTS/2020-2/GEORGE%20EDWARD%202020-2.pdf
HANNAH TRACY,2020-2,https://ethics.wv.gov/SiteCollectionDocuments/Lobby/ACTIVITY%20REPORTS/2020-2/HANNAH%20TRACY%202020-2.pdf
HEWITT GRANT,2020-2,https://ethics.wv.gov/SiteCollectionDocuments/Lobby/ACTIVITY%20REPORTS/2020-2/HEWITT%20GRANT%202020-2.pdf
LEMON BRENT,2020-2,https://ethics.wv.gov/SiteCollectionDocuments/Lobby/ACTIVITY%20REPORTS/2020-2/LEMON%20BRENT%202020-2.pdf
SKEEN REGINA,2020-2,https://ethics.wv.gov/SiteCollectionDocuments/Lobby/ACTIVITY%20REPORTS/2020-2/SKEEN%20REGINA%202020-2.pdf
STUMP CYNTHIA,2020-2,https://ethics.wv.gov/SiteCollectionDocuments/Lobby/ACTIVITY%20REPORTS/2020-2/STUMP%20CYNTHIA%202020-2.pdf
WELLS MATTHEW,2020-2,https://ethics.wv.gov/SiteCollectionDocuments/Lobby/ACTIVITY%20REPORTS/2020-2/WELLS%20MATTHEW%202020-2.pdf
BAILEY TODD,2020-2,https://ethics.wv.gov/SiteCollectionDocuments/Lobby/ACTIVITY%20REPORTS/2020-2/BAILEY%20TODD%202020-2.pdf
CALAMITA FRANK PAUL,2020-2,https://ethics.wv.gov/SiteCollectionDocuments/Lobby/ACTIVITY%20REPORTS/2020-2/CALAMITA%20FRANK%20PAUL%202020-2.pdf
FINN AMANDA,2020-2,https://ethics.wv.gov/SiteCollectionDocuments/Lobby/ACTIVITY%20REPORTS/2020-2/FINN%20AMANDA%202020-2.pdf
GOOD CRYSTAL,2020-2,https://ethics.wv.gov/SiteCollectionDocuments/Lobby/ACTIVITY%20REPORTS/2020-2/GOOD%20CRYSTAL%202020-2.pdf
GROVER LISA,2020-2,https://ethics.wv.gov/SiteCollectionDocuments/Lobby/ACTIVITY%20REPORTS/2020-2/GROVER%20LISA%202020-2.pdf
HAFFENBREDL MARY,2020-2,https://ethics.wv.gov/SiteCollectionDocuments/Lobby/ACTIVITY%20REPORTS/2020-2/HAFFENBREDL%20MARY%202020-2.pdf
HARDY MARINA,2020-2,https://ethics.wv.gov/SiteCollectionDocuments/Lobby/ACTIVITY%20REPORTS/2020-2/HARDY%20MARINA%202020-2.pdf
MCMAHON DAVID,2020-2,https://ethics.wv.gov/SiteCollectionDocuments/Lobby/ACTIVITY%20REPORTS/2020-2/MCMAHON%20DAVID%202020-2.pdf
MITCHELL MARTHA CHRISTINE,2020-2,https://ethics.wv.gov/SiteCollectionDocuments/Lobby/ACTIVITY%20REPORTS/2020-2/MITCHELL%20MARTHA%20CHRISTINE%202020-2.pdf
